Country,WHO Group,3TC_Actual,3TC_Computed,3TC_Diff,ABC_Actual,ABC_Computed,ABC_Diff,AZT_Actual,AZT_Computed,AZT_Diff,ddl_Actual,ddl_Computed,ddl_Diff,d4T_Actual,d4T_Computed,d4T_Diff,EFV_Actual,EFV_Computed,EFV_Diff,FTC_Actual,FTC_Computed,FTC_Diff,LPV/r_Actual,LPV/r_Computed,LPV/r_Diff,NVP_Actual,NVP_Computed,NVP_Diff,TDF_Actual,TDF_Computed,TDF_Diff,ATV/r_Actual,ATV/r_Computed,ATV/r_Diff,Overall_Actual,Overall_Computed,Overall_Diff
Afghanistan,A,35.67,35.65697005376054,-0.013029946239463186,3.48,3.4730982585834713,-0.006901741416528662,15.83,15.803498796902526,-0.0265012030974745,0.1,0.10269018835325237,0.002690188353252368,0.52,0.5238760960886911,0.0038760960886911056,21.36,21.38281833795707,0.022818337957069446,7.06,7.064747928013542,0.004747928013542513,4.61,4.605568231934849,-0.004431768065151331,16.43,16.408791835341216,-0.021208164658784057,23.75,23.304535048881956,-0.4454649511180442,0.41,0.4132496250463592,0.003249625046359228,129.23,128.73984440086346,-0.4901555991365285
Albania,A,0.0,0.0,0.0,0.0,0.0,0.0,0.0,0.0,0.0,0.0,0.0,0.0,0.0,0.0,0.0,0.0,0.0,0.0,0.0,0.0,0.0,0.0,0.0,0.0,0.0,0.0,0.0,0.0,0.0,0.0,0.0,0.0,0.0,0.0,0.0,0.0
Algeria,A,186.17,186.1546512229944,-0.01534877700558468,3.71,3.705869879877237,-0.004130120122762815,70.8,70.77409229093699,-0.025907709063005768,0.09,0.08830774406596507,-0.0016922559340349225,0.46,0.4559573469460381,-0.004042653053961898,140.01,140.02479734714737,0.014797347147379014,49.13,49.13504080475568,0.005040804755680028,15.75,15.754115007422921,0.0041150074229214795,77.09,77.0721587368927,-0.017841263107300165,164.99,162.15126967660436,-2.8387303233956516,2.51,2.5149079410417117,0.004907941041711883,710.73,707.8311679986853,-2.8988320013147586
American Samoa,A,0.0,0.054972973439934104,0.054972973439934104,0.0,0.00021943809614466468,0.00021943809614466468,0.0,0.020444751044442117,0.020444751044442117,0.0,0.0,0.0,0.0,0.0,0.0,0.0,0.0425289843040199,0.0425289843040199,0.0,0.015480536377269333,0.015480536377269333,0.0,0.004614072331666295,0.004614072331666295,0.0,0.02244728748884809,0.02244728748884809,0.0,0.05037561671882512,0.05037561671882512,0.0,0.0008631656926691531,0.0008631656926691531,0.0,0.21194682549381877,0.21194682549381877
Andorra,A,0.18,0.17693428975638364,-0.0030657102436163486,0.0,0.0007062765802412419,0.0007062765802412419,0.07,0.06580283508307869,-0.00419716491692132,0.0,0.0,0.0,0.0,0.0,0.0,0.14,0.1368824562512362,-0.0031175437487638014,0.05,0.04982516930711057,-0.00017483069288943415,0.01,0.014850708626484934,0.004850708626484934,0.07,0.07224813613431957,0.002248136134319567,0.17,0.16213738147026116,-0.007862618529738852,0.0,0.002778158051453522,0.002778158051453522,0.69,0.6821654112605695,-0.007834588739430437
Angola,A,1085.33,1084.6418455184967,-0.6881544815032612,84.82,84.58249535675994,-0.23750464324005804,466.43,465.5902313800345,-0.8397686199655254,2.46,2.4561957811724344,-0.003804218827565542,12.55,12.553451107567575,0.003451107567574496,689.47,689.599617317358,0.1296173173579973,232.4,232.44319157773415,0.04319157773414872,128.13,127.94107235535796,-0.18892764464203537,489.16,488.56456526308307,-0.5954347369169568,780.41,765.7135071198738,-14.69649288012613,13.09,13.101599822915842,0.011599822915842495,3984.25,3967.187772600354,-17.062227399645963
Anguilla,B,0.0,0.0,0.0,0.0,0.0,0.0,0.0,0.0,0.0,0.0,0.0,0.0,0.0,0.0,0.0,0.0,0.0,0.0,0.0,0.0,0.0,0.0,0.0,0.0,0.0,0.0,0.0,0.0,0.0,0.0,0.0,0.0,0.0,0.0,0.0,0.0
Antigua and Barbuda,B,0.83,0.8265510865338175,-0.0034489134661824794,0.0,0.0032993812312784076,0.0032993812312784076,0.31,0.3073988931699543,-0.0026011068300457185,0.0,0.0,0.0,0.0,0.0,0.0,0.64,0.6394483686438458,-0.0005516313561542141,0.23,0.23275899705041667,0.002758997050416656,0.07,0.06937529954153727,-0.0006247004584627319,0.34,0.3375082099918989,-0.0024917900081011246,0.77,0.7574271160582499,-0.012572883941750157,0.01,0.01297820540695241,0.0029782054069524104,3.2,3.186745557627951,-0.013254442372049091
Argentina,B,3783.18,3782.141603628956,-1.0383963710437456,122.26,121.95402933266763,-0.30597066733237455,1502.67,1501.509891844462,-1.1601081555381825,3.14,3.138379165594095,-0.0016208344059052138,16.2,16.20432107274856,0.004321072748560084,2719.59,2719.546474638607,-0.04352536139322183,953.98,953.9558562664536,-0.024143733546452495,350.74,350.57109577413127,-0.16890422586874365,1618.61,1617.7379933732655,-0.8720066267344464,3192.02,3134.186965015941,-57.83303498405894,50.93,50.95306882545741,0.023068825457407627,14313.3,14251.899678938287,-61.40032106171202
Armenia,A,5.91,5.907703725804819,-0.0022962741951815246,0.02,0.02400433704753714,0.004004337047537141,2.21,2.206542892829223,-0.003457107170777185,0.0,0.0,0.0,0.0,0.0,0.0,4.55,4.5539525535975915,0.003952553597591724,1.66,1.664224248056835,0.004224248056835078,0.5,0.5033961936327447,0.0033961936327446818,2.42,2.4201813286785283,0.00018132867852838075,5.51,5.405491842887772,-0.10450815711222816,0.09,0.09439789795278858,0.004397897952788582,22.88,22.779895020487835,-0.1001049795121638
Aruba,B,0.0,0.0,0.0,0.0,0.0,0.0,0.0,0.0,0.0,0.0,0.0,0.0,0.0,0.0,0.0,0.0,0.0,0.0,0.0,0.0,0.0,0.0,0.0,0.0,0.0,0.0,0.0,0.0,0.0,0.0,0.0,0.0,0.0,0.0,0.0,0.0
Australia,A,28.29,28.295799219153768,0.0057992191537685756,0.42,0.4187536011049671,-0.001246398895032863,10.59,10.58983182431801,-0.0001681756819902347,0.01,0.009248199064624821,-0.0007518009353751787,0.05,0.04771643353021708,-0.0022835664697829217,21.62,21.623936622124727,0.003936622124726341,7.62,7.616275460040611,-0.0037245399593892614,2.33,2.3271971194926344,-0.002802880507365657,11.58,11.5803536218633,0.00035362186329912504,25.57,25.129111983833102,-0.4408880161668982,0.39,0.38857661089224355,-0.0014233891077564675,108.46,108.0268006954182,-0.433199304581791
Austria,A,0.0,0.0,0.0,0.0,0.0,0.0,0.0,0.0,0.0,0.0,0.0,0.0,0.0,0.0,0.0,0.0,0.0,0.0,0.0,0.0,0.0,0.0,0.0,0.0,0.0,0.0,0.0,0.0,0.0,0.0,0.0,0.0,0.0,0.0,0.0,0.0
Azerbaijan,A,25.93,25.93279866378592,0.002798663785920752,0.41,0.4086080404976139,-0.0013919595023860754,9.97,9.968875944736492,-0.001124055263508339,0.01,0.00894188953105847,-0.0010581104689415307,0.05,0.04608933094488265,-0.003910669055117354,19.37,19.375274879173116,0.005274879173114755,7.0,7.002132126026218,0.0021321260262183728,2.33,2.328730621737643,-0.0012693782623571792,10.85,10.842845278956588,-0.007154721043411527,23.24,22.789119846987333,-0.4508801530126654,0.4,0.3958046799182616,-0.004195320081738396,99.55,99.09922130229512,-0.45077869770487666
Bahamas,B,0.0,0.0,0.0,0.0,0.0,0.0,0.0,0.0,0.0,0.0,0.0,0.0,0.0,0.0,0.0,0.0,0.0,0.0,0.0,0.0,0.0,0.0,0.0,0.0,0.0,0.0,0.0,0.0,0.0,0.0,0.0,0.0,0.0,0.0,0.0,0.0
Bahrain,A,38.03,38.03352581268944,0.0035258126894390784,0.15,0.1518201394567958,0.001820139456795794,14.14,14.144877344726913,0.004877344726912369,0.0,0.0,0.0,0.0,0.0,0.0,29.42,29.424044600421436,0.004044600421433842,10.71,10.710342611219257,0.0003426112192563835,3.19,3.1922857387329358,0.0022857387329358048,15.53,15.53034945553397,0.00034945553397136564,35.53,34.85280491329161,-0.6771950867083945,0.6,0.597188629220336,-0.0028113707796639797,147.31,146.63723924529268,-0.6727607547073262
Bangladesh,A,96.37,96.31201350195487,-0.057986498045139,5.81,5.795302759641486,-0.014697240358513497,40.35,40.29374660385532,-0.056253396144683165,0.16,0.16459431023430304,0.0045943102343030395,0.84,0.8420681835351992,0.0020681835351992195,64.0,63.998692666402505,-0.0013073335974951306,22.17,22.17204326084417,0.00204326084416806,10.71,10.699056362537728,-0.010943637462272449,42.69,42.65055593450204,-0.03944406549796042,74.03,72.58535752984913,-1.4446424701508676,1.28,1.2779390157763602,-0.0020609842236398723,358.42,356.79137012913316,-1.6286298708668596
Barbados,B,17.26,17.26108469610647,0.00108469610646722,0.07,0.0681885675290004,-0.0018114324709996021,6.4,6.403044107220398,0.0030441072203979402,0.0,0.0,0.0,0.0,0.0,0.0,13.38,13.381945472939679,0.0019454729396777282,4.86,4.859426969255142,-0.0005730307448583716,1.44,1.4359771729703155,-0.004022827029684484,7.03,7.0343285891143905,0.004328589114390269,16.13,15.831504514013249,-0.29849548598675035,0.27,0.268260430337225,-0.001739569662774998,66.84,66.54376051948586,-0.2962394805141457
Belarus,A,131.78,131.80906140779834,0.02906140779833777,1.05,1.0516727469371288,0.0016727469371287107,49.84,49.848339399687816,0.008339399687812943,0.01,0.014949373651988765,0.004949373651988765,0.08,0.07717656836373694,-0.0028234316362630574,100.31,100.33397476607323,0.023974766073223464,36.61,36.614923011673774,0.004923011673774624,11.52,11.522706745418956,0.0027067454189566575,54.48,54.485272135118485,0.005272135118488563,121.23,118.88445691808273,-2.3455430819172705,2.09,2.0949451859877413,0.004945185987741407,509.0,506.7374782587939,-2.2625217412061147
Belgium,A,0.0,0.0,0.0,0.0,0.0,0.0,0.0,0.0,0.0,0.0,0.0,0.0,0.0,0.0,0.0,0.0,0.0,0.0,0.0,0.0,0.0,0.0,0.0,0.0,0.0,0.0,0.0,0.0,0.0,0.0,0.0,0.0,0.0,0.0,0.0,0.0
Belize,B,14.65,14.643511495350998,-0.0064885046490026355,0.69,0.6922686273347025,0.0022686273347025665,6.04,6.031156941483938,-0.00884305851606193,0.02,0.01872424917758923,-0.0012757508224107705,0.1,0.09646890399333581,-0.0035310960066641944,10.05,10.04877358775393,-0.001226412246071007,3.49,3.4929873452706066,0.0029873452706064008,1.48,1.4811806030489998,0.0011806030489998065,6.44,6.430920836298306,-0.009079163701694704,11.68,11.465619854819897,-0.21438014518010284,0.19,0.1917992035403853,0.0017992035403852913,54.83,54.59341164807268,-0.23658835192731686
Benin,A,400.56,400.2350597257074,-0.32494027429260086,30.52,30.43422610637542,-0.08577389362458021,171.85,171.52843956518868,-0.32156043481131746,0.87,0.8751933129070087,0.005193312907008751,4.48,4.482615984722219,0.0026159847222189114,256.0,255.9845557576395,-0.015444242360501903,85.84,85.83828098377035,-0.0017190162296571998,46.0,45.92942864744387,-0.07057135255612934,180.47,180.2301109161891,-0.23988908381090823,289.01,283.68615202452236,-5.3238479754776336,4.68,4.685295312543995,0.005295312543995401,1470.3,1463.90935833701,-6.390641662989992
Bermuda,B,0.88,0.8773984286981823,-0.0026015713018177067,0.0,0.0035023508590857153,0.0035023508590857153,0.33,0.3263092992617381,-0.0036907007382619428,0.0,0.0,0.0,0.0,0.0,0.0,0.68,0.6787856225977767,-0.001214377402223299,0.25,0.24707774462413074,-0.002922255375869265,0.07,0.073643093330711,0.0036430933307110003,0.36,0.35827086546030734,-0.001729134539692645,0.82,0.8040221255649079,-0.01597787443509202,0.01,0.01377659193351796,0.00377659193351796,3.4,3.3827861223303577,-0.01721387766964222
Bhutan,A,1.02,1.0188370404784202,-0.0011629595215798538,0.0,0.004140816994055234,0.004140816994055234,0.38,0.38056134037264183,0.0005613403726418276,0.0,0.0,0.0,0.0,0.0,0.0,0.79,0.7853297861799583,-0.004670213820041735,0.29,0.28701174434984866,-0.002988255650151317,0.09,0.08683395333559166,-0.0031660466644083396,0.42,0.41740119669745773,-0.002598803302542252,0.95,0.9322059163101504,-0.017794083689849582,0.02,0.016283848615261463,-0.003716151384738537,3.95,3.9286056433333854,-0.021394356666614822
Bolivia,B,28.96,28.96175786067965,0.0017578606796497809,0.1,0.10325567416763068,0.0032556741676306733,10.45,10.452132941516771,0.0021329415167716803,0.0,0.0,0.0,0.0,0.0,0.0,22.92,22.91787083337476,-0.002129166625241652,8.11,8.109330504179754,-0.0006694958202455581,2.2,2.205146820724991,0.0051468207249909526,11.54,11.541318542434464,0.001318542434464831,27.25,26.792172747050575,-0.45782725294942495,0.41,0.4067521683251895,-0.003247831674810464,111.94,111.48973809245378,-0.45026190754622064
"Bonaire, Saint Eustatius and Saba",B,0.0,0.0,0.0,0.0,0.0,0.0,0.0,0.0,0.0,0.0,0.0,0.0,0.0,0.0,0.0,0.0,0.0,0.0,0.0,0.0,0.0,0.0,0.0,0.0,0.0,0.0,0.0,0.0,0.0,0.0,0.0,0.0,0.0,0.0,0.0,0.0
Bosnia and Herzegovina,A,0.0,0.0,0.0,0.0,0.0,0.0,0.0,0.0,0.0,0.0,0.0,0.0,0.0,0.0,0.0,0.0,0.0,0.0,0.0,0.0,0.0,0.0,0.0,0.0,0.0,0.0,0.0,0.0,0.0,0.0,0.0,0.0,0.0,0.0,0.0,0.0
Botswana,A,2332.29,2331.6608947765744,-0.6291052234255403,99.98,99.72552922422311,-0.2544707757768947,947.07,946.1846632362393,-0.8853367637607334,2.66,2.6567361017103943,-0.0032638982896058266,13.72,13.71746450194399,-0.00253549805601061,1630.74,1630.9361658796147,0.19616587961468213,562.14,562.1969346566306,0.056934656630573954,223.15,222.98869099397194,-0.16130900602806264,1013.53,1012.909525664762,-0.6204743352379865,1889.84,1856.8100928709255,-33.029907129074445,29.3,29.318539378156828,0.01853937815682727,8744.41,8709.105237284752,-35.304762715248216
Brazil,B,26289.59,26283.392893941527,-6.197106058472855,698.93,697.2401026090347,-1.6898973909652568,10268.91,10262.21439677799,-6.695603222009595,17.6,17.610684511113032,0.010684511113030482,90.67,90.67937726188876,0.009377261888758426,19233.0,19232.272609946875,-0.7273900531254185,6809.37,6809.04766152554,-0.3223384744596842,2405.37,2404.599661675673,-0.7703383243269855,11107.32,11102.123527570622,-5.196472429377536,22729.25,22310.37453444501,-418.8754655549892,368.48,368.65815357916176,0.17815357916174435,100018.5,99578.21360384444,-440.28639615555585
British Virgin Islands,B,0.0,0.0,0.0,0.0,0.0,0.0,0.0,0.0,0.0,0.0,0.0,0.0,0.0,0.0,0.0,0.0,0.0,0.0,0.0,0.0,0.0,0.0,0.0,0.0,0.0,0.0,0.0,0.0,0.0,0.0,0.0,0.0,0.0,0.0,0.0,0.0
Brunei Darussalam,A,0.0,0.0,0.0,0.0,0.0,0.0,0.0,0.0,0.0,0.0,0.0,0.0,0.0,0.0,0.0,0.0,0.0,0.0,0.0,0.0,0.0,0.0,0.0,0.0,0.0,0.0,0.0,0.0,0.0,0.0,0.0,0.0,0.0,0.0,0.0,0.0
Bulgaria,A,0.0,0.0,0.0,0.0,0.0,0.0,0.0,0.0,0.0,0.0,0.0,0.0,0.0,0.0,0.0,0.0,0.0,0.0,0.0,0.0,0.0,0.0,0.0,0.0,0.0,0.0,0.0,0.0,0.0,0.0,0.0,0.0,0.0,0.0,0.0,0.0
Burkina Faso,A,577.01,576.6959840200699,-0.31401597993010455,36.29,36.18843420731789,-0.10156579268210919,239.96,239.59464135154784,-0.3653586484521725,1.03,1.034827734802462,0.004827734802461903,5.29,5.294201905743316,0.004201905743316026,385.23,385.26304099330025,0.03304099330023291,131.04,131.05387715709543,0.013877157095436132,62.55,62.47535515868442,-0.0746448413155747,254.1,253.8368842963484,-0.2631157036516072,440.49,432.509718475279,-7.980281524721022,7.06,7.068531892003643,0.008531892003643016,2140.06,2131.0154971921925,-9.044502807807476
Burundi,A,2295.02,2293.9995480757334,-1.020451924266581,131.43,131.06836490356565,-0.3616350964343553,943.38,942.1099461701345,-1.2700538298654465,3.73,3.7287594329340172,-0.001240567065982745,19.07,19.070988596641108,0.0009885966411076197,1557.47,1557.6679472588328,0.19794725883275532,533.36,533.4190758644088,0.05907586440878276,243.0,242.73486066134623,-0.2651393386537677,1002.38,1001.4720476090331,-0.9079523909668978,1790.82,1758.4407716145063,-32.37922838549366,28.75,28.764910716521207,0.014910716521207235,8548.4,8512.477220903658,-35.9227790963414
Cambodia,A,3983.28,3983.6548258435487,0.3748258435484786,14.9,14.909380884111105,0.009380884111104493,1457.17,1457.2464821128633,0.07648211286323203,0.0,0.0,0.0,0.0,0.0,0.0,3121.97,3122.1219884507905,0.15198845079066814,1118.96,1119.0006858722957,0.04068587229562581,316.2,316.37543235281527,0.17543235281527814,1605.41,1605.4610531548471,0.05105315484706807,3736.78,3670.3852628116356,-66.39473718836462,58.66,58.69703775739058,0.03703775739058557,15413.33,15347.8521492403,-65.47785075970023
Cameroon,A,38770.32,38760.15663308866,-10.163366911336198,1603.06,1598.7580261492426,-4.301973850757349,15553.8,15539.282365019535,-14.517634980464209,44.31,44.32840877622884,0.01840877622883852,226.35,226.36665574297186,0.016655742971863674,27271.74,27275.12623132609,3.3862313260869996,9613.16,9614.303544390143,1.1435443901427789,3946.17,3943.6825498539247,-2.487450146075389,16660.73,16650.49234533459,-10.237654665408627,32035.35,31423.48084213286,-611.8691578671387,543.11,543.4526919141117,0.34269191411169686,146268.09,145619.43029372836,-648.6597062716319
Canada,B,34.2,34.201334411487174,0.0013344114871713941,0.14,0.1365230082935959,-0.0034769917064041145,12.72,12.719664294575308,-0.00033570542469263387,0.0,0.0,0.0,0.0,0.0,0.0,26.46,26.45932943670906,-0.0006705632909422832,9.63,9.631187261258233,0.0011872612582326525,2.87,2.8706366226767166,0.0006366226767164918,13.97,13.965538663753348,-0.004461336246652792,31.95,31.34109737520335,-0.6089026247966487,0.54,0.5370169496062838,-0.002983050393716269,132.47,131.86232802356307,-0.6076719764369329
Cape Verde,A,14.05,14.050120598976202,0.0001205989762009807,0.06,0.05613297013548335,-0.0038670298645166468,5.23,5.2264208104031775,-0.003579189596822907,0.0,0.0,0.0,0.0,0.0,0.0,10.87,10.867752770927455,-0.0022472290725445987,3.96,3.9566335719493866,-0.0033664280506133792,1.18,1.1801437518476952,0.0001437518476952171,5.74,5.738059767321863,-0.0019402326781374768,13.12,12.874174122252398,-0.24582587774760079,0.22,0.22079788082857352,0.0007978808285735162,54.41,54.17023624464223,-0.23976375535776384
Cayman Islands,B,0.0,0.0,0.0,0.0,0.0,0.0,0.0,0.0,0.0,0.0,0.0,0.0,0.0,0.0,0.0,0.0,0.0,0.0,0.0,0.0,0.0,0.0,0.0,0.0,0.0,0.0,0.0,0.0,0.0,0.0,0.0,0.0,0.0,0.0,0.0,0.0
Central African Republic,A,620.38,619.9771135026537,-0.4028864973463442,33.75,33.65313897650696,-0.09686102349304093,255.79,255.4148557742382,-0.37514422576180095,0.95,0.9527715007355165,0.0027715007355165744,4.87,4.870242817031661,0.00024281703166106894,420.49,420.42873970781517,-0.06126029218484064,146.28,146.25383129444506,-0.026168705554937333,66.92,66.8386747824977,-0.08132521750229671,271.76,271.4719152934458,-0.28808470655417295,488.39,478.8923704097658,-9.497629590234169,8.31,8.31467962778731,0.00467962778730957,2317.88,2307.068333686923,-10.81166631307724
Chad,A,1037.43,1036.8562339203343,-0.573766079665802,63.3,63.12039572720476,-0.17960427279523827,430.89,430.2495100504035,-0.6404899495964855,1.81,1.808588890068247,-0.001411109931753085,9.24,9.240950884255316,0.0009508842553156427,693.9,693.9405461342488,0.04054613424887066,238.37,238.38200291282334,0.0120029128233341,113.73,113.5933768505787,-0.13662314942131104,456.47,456.0045648479925,-0.4654351520075011,798.43,783.4442619307574,-14.98573806924253,13.25,13.262122093490921,0.012122093490921415,3856.83,3839.902554242158,-16.927445757841724
Chile,B,123.02,123.02110227052599,0.0011022705259904342,0.45,0.4499608791313977,-3.912086860230479e-05,44.72,44.72004808246375,4.808246374921055e-05,0.0,0.0,0.0,0.0,0.0,0.0,96.86,96.85775355786933,-0.0022464421306693794,34.51,34.50912185389395,-0.000878146106046529,9.57,9.57758873930731,0.007588739307308856,49.32,49.322911432076616,0.0029114320766154833,115.57,113.5644627495255,-2.0055372504744895,1.77,1.771970395166686,0.0019703951666860675,475.8,473.79491995996057,-2.005080040039445
China,A,11785.55,11786.39706291771,0.8470629177099909,47.88,47.902963199978075,0.02296319997807217,4402.36,4402.516679528924,0.15667952892454196,0.0,0.0,0.0,0.0,0.0,0.0,9084.85,9085.072801148619,0.22280114861860056,3320.23,3320.2899445425055,0.05994454250549097,1004.0,1004.5369493786367,0.5369493786366775,4828.64,4828.697861733711,0.05786173371052428,10997.43,10784.206538930981,-213.22346106901932,188.28,188.37939519924572,0.09939519924571982,45659.22,45448.00019658032,-211.21980341968447
"China, Hong Kong SAR",A,0.0,0.0,0.0,0.0,0.0,0.0,0.0,0.0,0.0,0.0,0.0,0.0,0.0,0.0,0.0,0.0,0.0,0.0,0.0,0.0,0.0,0.0,0.0,0.0,0.0,0.0,0.0,0.0,0.0,0.0,0.0,0.0,0.0,0.0,0.0,0.0
"China, Macao SAR",A,0.0,0.0,0.0,0.0,0.0,0.0,0.0,0.0,0.0,0.0,0.0,0.0,0.0,0.0,0.0,0.0,0.0,0.0,0.0,0.0,0.0,0.0,0.0,0.0,0.0,0.0,0.0,0.0,0.0,0.0,0.0,0.0,0.0,0.0,0.0,0.0
Colombia,B,8179.98,8180.746492415783,0.7664924157834321,29.15,29.166340604473543,0.016340604473544573,2952.23,2952.3846691524755,0.1546691524754351,0.0,0.0,0.0,0.0,0.0,0.0,6473.2,6473.546679578821,0.3466795788208401,2290.53,2290.619837270887,0.08983727088661908,622.53,622.8816360418408,0.35163604184083397,3259.94,3260.043870198226,0.10387019822610455,7697.88,7567.90987201107,-129.97012798893047,114.83,114.89414386778252,0.06414386778251924,31620.27,31492.19354114136,-128.07645885863894
Comoros,A,1.84,1.8365754283384936,-0.003424571661506448,0.01,0.00733747678137363,-0.0026625232186263705,0.68,0.6831767721084809,0.0031767721084808853,0.0,0.0,0.0,0.0,0.0,0.0,1.42,1.420589066103628,0.0005890661036280775,0.52,0.5171952757267374,-0.0028047242732626154,0.15,0.15426365925347382,0.004263659253473828,0.75,0.7500561650530556,5.616505305561237e-05,1.72,1.6828604200595234,-0.037139579940476564,0.03,0.028861813655074092,-0.0011381863449259066,7.11,7.0809160770798405,-0.02908392292015982
Congo,A,426.33,426.43202304025493,0.10202304025494868,1.7,1.7036790428600732,0.003679042860073256,158.6,158.62591240692385,0.025912406923850995,0.0,0.0,0.0,0.0,0.0,0.0,329.78,329.8446990088914,0.06469900889140945,120.07,120.08688798289114,0.016887982891148567,35.79,35.818275297608466,0.028275297608466587,174.13,174.154550323451,0.024550323450995393,398.26,390.7411382877829,-7.518861712217074,6.7,6.701386393195127,0.0013863931951272335,1651.36,1644.108551783859,-7.251448216140943
Cook Islands,A,0.0,0.0,0.0,0.0,0.0,0.0,0.0,0.0,0.0,0.0,0.0,0.0,0.0,0.0,0.0,0.0,0.0,0.0,0.0,0.0,0.0,0.0,0.0,0.0,0.0,0.0,0.0,0.0,0.0,0.0,0.0,0.0,0.0,0.0,0.0,0.0
Costa Rica,B,25.39,25.388358774640388,-0.0016412253596129744,0.61,0.6056675999891825,-0.004332400010817472,9.8,9.8000811662574,8.116625739873484e-05,0.02,0.015245557292156282,-0.004754442707843719,0.08,0.07824201487065617,-0.0017579851293438309,18.78,18.77792653784722,-0.0020734621527793706,6.66,6.661242814150445,0.0012428141504452483,2.3,2.2959944975177873,-0.004005502482212542,10.63,10.629171668952987,-0.0008283310470140748,22.23,21.825217781537894,-0.40478221846210616,0.36,0.35967904606114287,-0.00032095393885711587,96.85,96.43682745911725,-0.4131725408827407
Cote d'Ivoire,A,20739.84,20731.69798673995,-8.14201326005059,1181.28,1178.010264246759,-3.269735753240866,8560.51,8549.463938722158,-11.046061277842455,33.52,33.5347566266097,0.0147566266096959,171.38,171.39388111617657,0.01388111617657728,14012.35,14014.893581801394,2.5435818013938842,4839.96,4840.82056883561,0.8605688356101382,2238.18,2235.9148099097574,-2.265190090242413,9088.26,9080.540136254489,-7.7198637455112475,16193.85,15890.6735175423,-303.17648245770033,269.95,270.1394768137869,0.18947681378693915,77329.09,76997.08291860898,-332.00708139101334
Croatia,A,0.0,0.0,0.0,0.0,0.0,0.0,0.0,0.0,0.0,0.0,0.0,0.0,0.0,0.0,0.0,0.0,0.0,0.0,0.0,0.0,0.0,0.0,0.0,0.0,0.0,0.0,0.0,0.0,0.0,0.0,0.0,0.0,0.0,0.0,0.0,0.0
Cuba,B,98.76,98.74590378682838,-0.01409621317162646,2.41,2.4038953877155755,-0.006104612284424604,38.33,38.307036248384705,-0.022963751615293404,0.06,0.05927573323948675,-0.0007242667605132508,0.31,0.30605703216660574,-0.003942967833394262,72.84,72.84006056432189,6.056432188472627e-05,25.68,25.683709864257743,0.003709864257743334,8.76,8.759203849739531,-0.0007961502604683091,41.54,41.52341914027331,-0.016580859726687436,85.94,84.39472911944529,-1.5452708805547104,1.36,1.3581370230669683,-0.0018629769330318346,375.99,374.3814277494394,-1.6085722505605986
Curacao,B,0.0,0.0,0.0,0.0,0.0,0.0,0.0,0.0,0.0,0.0,0.0,0.0,0.0,0.0,0.0,0.0,0.0,0.0,0.0,0.0,0.0,0.0,0.0,0.0,0.0,0.0,0.0,0.0,0.0,0.0,0.0,0.0,0.0,0.0,0.0,0.0
Cyprus,A,0.0,0.0,0.0,0.0,0.0,0.0,0.0,0.0,0.0,0.0,0.0,0.0,0.0,0.0,0.0,0.0,0.0,0.0,0.0,0.0,0.0,0.0,0.0,0.0,0.0,0.0,0.0,0.0,0.0,0.0,0.0,0.0,0.0,0.0,0.0,0.0
Czech Republic,A,0.0,0.0,0.0,0.0,0.0,0.0,0.0,0.0,0.0,0.0,0.0,0.0,0.0,0.0,0.0,0.0,0.0,0.0,0.0,0.0,0.0,0.0,0.0,0.0,0.0,0.0,0.0,0.0,0.0,0.0,0.0,0.0,0.0,0.0,0.0,0.0
Democratic People's Republic of Korea,A,0.0,0.0,0.0,0.0,0.0,0.0,0.0,0.0,0.0,0.0,0.0,0.0,0.0,0.0,0.0,0.0,0.0,0.0,0.0,0.0,0.0,0.0,0.0,0.0,0.0,0.0,0.0,0.0,0.0,0.0,0.0,0.0,0.0,0.0,0.0,0.0
Democratic Republic of the Congo,A,18412.17,18398.80852162004,-13.36147837995668,1278.33,1274.7136264434575,-3.616373556542385,7773.0,7759.302663908744,-13.697336091256147,36.81,36.82479021149537,0.014790211495366634,188.14,188.15557230067552,0.015572300675529505,12017.74,12017.236383312526,-0.5036166874742776,4090.62,4090.3942696785984,-0.22573032140144278,2094.37,2091.354599693357,-3.015400306642732,8193.82,8183.653141139725,-10.16685886027426,13719.18,13459.242169675752,-259.93783032424835,228.66,228.77024230059766,0.11024230059766182,68032.84,67728.45598028497,-304.38401971502753
Denmark,A,0.0,0.0,0.0,0.0,0.0,0.0,0.0,0.0,0.0,0.0,0.0,0.0,0.0,0.0,0.0,0.0,0.0,0.0,0.0,0.0,0.0,0.0,0.0,0.0,0.0,0.0,0.0,0.0,0.0,0.0,0.0,0.0,0.0,0.0,0.0,0.0
Djibouti,A,117.43,117.42268954275075,-0.007310457249261049,3.33,3.3198648564436315,-0.010135143556368575,45.97,45.94267738288851,-0.02732261711148709,0.09,0.08790829721099386,-0.002091702789006139,0.45,0.44827568812406415,-0.0017243118759358578,85.34,85.35820794748277,0.018207947482764553,30.53,30.541394043051557,0.011394043051556224,11.33,11.332667631570716,0.0026676315707163667,49.62,49.60961484621353,-0.01038515378646565,101.47,99.52255795285791,-1.94744204714209,1.74,1.739533660973615,-0.0004663390263850431,447.3,445.32539184956806,-1.9746081504319477
Dominica,B,1.9,1.8963999634511723,-0.0036000365488275676,0.01,0.0067611247100256575,-0.0032388752899743427,0.68,0.6843999118986506,0.0043999118986505215,0.0,0.0,0.0,0.0,0.0,0.0,1.5,1.5006495676077953,0.0006495676077953316,0.53,0.5309944978380907,0.000994497838090691,0.14,0.14439180005385233,0.004391800053852313,0.76,0.7557191855321115,-0.004280814467888527,1.78,1.7543367244039196,-0.025663275596080393,0.03,0.02663390809550373,-0.0033660919044962677,7.33,7.300286683591121,-0.029713316408878754
Dominican Republic,B,462.25,462.2124047745468,-0.03759522545317395,11.22,11.19272827801507,-0.02727172198493122,178.91,178.82338758608313,-0.08661241391686758,0.28,0.2842838649376588,0.0042838649376587545,1.46,1.456061624757367,-0.003938375242632963,340.88,340.9129111022461,0.032911102246089285,121.39,121.39559516110039,0.005595161100387713,42.46,42.458679085716206,-0.001320914283795105,193.88,193.81810109294724,-0.061898907052750474,404.46,396.9469677385456,-7.513032261454384,6.66,6.663891877789389,0.003891877789389042,1763.86,1756.165012186685,-7.69498781331481
Ecuador,B,119.06,119.05331254375311,-0.00668745624689393,1.08,1.077803452833694,-0.0021965471663061287,44.62,44.60996166999524,-0.01003833000475396,0.02,0.017961944340723963,-0.002038055659276037,0.09,0.09274249471791668,0.0027424947179166825,91.28,91.2794571763608,-0.0005428236392077679,32.87,32.871465723596465,0.001465723596467683,10.02,10.020233775270764,0.00023377527076462457,48.86,48.85446026525815,-0.005539734741851987,109.41,107.37566510449791,-2.0343348955020844,1.79,1.7861439561154124,-0.003856043884587601,459.1,457.0392081067402,-2.060791893259818
Egypt,A,94.49,94.39872141205748,-0.09127858794251154,7.88,7.8544129232386934,-0.02558707676130645,41.14,41.054950233970104,-0.085049766029897,0.23,0.22827992124301494,-0.0017200787569850717,1.17,1.1672208254237153,-0.0027791745762846265,58.88,58.869093897993444,-0.010906102006558172,19.77,19.76399171383059,-0.006008286169411292,11.45,11.425526099479802,-0.02447390052019749,43.0,42.93365998190161,-0.06634001809838708,66.38,65.08291771195337,-1.2970822880466244,1.13,1.1316359450010853,0.001635945001085437,345.5,343.91041066609296,-1.5895893339070426
El Salvador,B,499.78,499.6879077307561,-0.09209226924389213,10.09,10.071894125383613,-0.018105874616386686,192.31,192.22029864178276,-0.08970135821724057,0.24,0.24025413468294712,0.0002541346829471325,1.24,1.2374522407054007,-0.002547759294599272,372.04,372.0248261232254,-0.015173876774611017,132.57,132.56112402175305,-0.00887597824694808,44.39,44.38238922009645,-0.00761077990355119,208.94,208.86253191518227,-0.07746808481772405,442.01,433.8421527854484,-8.167847214551614,7.18,7.186833677954654,0.0068336779546545046,1910.79,1902.317664616971,-8.472335383029076
Equatorial Guinea,A,74.59,74.57016454758305,-0.019835452416955945,2.27,2.2659119671133916,-0.004088032886608417,29.22,29.20132909131987,-0.01867090868012866,0.06,0.06076753485187676,0.0007675348518767638,0.31,0.3099629569444409,-3.7043055559071725e-05,54.08,54.083381500905574,0.0033815009055757628,19.24,19.240724087896528,0.0007240878965291131,7.19,7.187363890976224,-0.002636109023776534,31.53,31.514124810401054,-0.015875189598947514,64.05,62.826993801899086,-1.2230061981009115,1.08,1.0785131251886448,-0.0014868748113552321,283.63,282.33923731507974,-1.290762684920253
Eritrea,A,1196.84,1196.0489465127334,-0.7910534872664812,78.34,78.12400519907796,-0.21599480092204715,500.14,499.31273368126597,-0.8272663187340186,2.23,2.2350108797486006,0.005010879748600594,11.44,11.44088161985153,0.0008816198515297913,793.69,793.6642888860665,-0.02571111393353931,268.49,268.47584107490354,-0.014158925096467101,130.36,130.17633179913068,-0.18366820086933444,528.88,528.2702568467878,-0.6097431532122073,903.92,887.6284397026893,-16.29156029731064,14.34,14.344658751344209,0.004658751344209122,4428.67,4409.7213949536,-18.94860504640019
Estonia,A,0.0,0.0,0.0,0.0,0.0,0.0,0.0,0.0,0.0,0.0,0.0,0.0,0.0,0.0,0.0,0.0,0.0,0.0,0.0,0.0,0.0,0.0,0.0,0.0,0.0,0.0,0.0,0.0,0.0,0.0,0.0,0.0,0.0,0.0,0.0,0.0
Ethiopia,A,2415.01,2415.0303251785554,0.020325178555140155,9.68,9.680707101750484,0.0007071017504838295,899.11,899.0823345343216,-0.027665465678410328,0.0,0.0,0.0,0.0,0.0,0.0,1866.83,1866.761357224997,-0.06864277500289973,680.18,680.1453606203634,-0.034639379636587364,203.33,203.42741527908828,0.09741527908826697,986.96,986.9098370041035,-0.050162995896585016,2255.52,2212.2753669272324,-43.244633072767556,38.06,38.07707629072952,0.017076290729519883,9354.67,9311.38978016114,-43.28021983885992
Fiji,A,31.61,31.616314755198193,0.006314755198193467,0.13,0.12631951175515388,-0.003680488244846125,11.76,11.760905321066863,0.0009053210668632516,0.0,0.0,0.0,0.0,0.0,0.0,24.45,24.4549421927321,0.0049421927321020576,8.9,8.903433743394606,0.0034337433946056706,2.65,2.655731636675275,0.005731636675275098,12.91,12.912199814804184,0.002199814804184186,29.53,28.97001853517953,-0.5599814648204706,0.5,0.49687485438123413,-0.0031251456187658677,122.45,121.89674036518713,-0.5532596348128749
Finland,A,0.0,0.0,0.0,0.0,0.0,0.0,0.0,0.0,0.0,0.0,0.0,0.0,0.0,0.0,0.0,0.0,0.0,0.0,0.0,0.0,0.0,0.0,0.0,0.0,0.0,0.0,0.0,0.0,0.0,0.0,0.0,0.0,0.0,0.0,0.0,0.0
France,A,0.0,0.0,0.0,0.0,0.0,0.0,0.0,0.0,0.0,0.0,0.0,0.0,0.0,0.0,0.0,0.0,0.0,0.0,0.0,0.0,0.0,0.0,0.0,0.0,0.0,0.0,0.0,0.0,0.0,0.0,0.0,0.0,0.0,0.0,0.0,0.0
French Polynesia,A,0.0,0.0,0.0,0.0,0.0,0.0,0.0,0.0,0.0,0.0,0.0,0.0,0.0,0.0,0.0,0.0,0.0,0.0,0.0,0.0,0.0,0.0,0.0,0.0,0.0,0.0,0.0,0.0,0.0,0.0,0.0,0.0,0.0,0.0,0.0,0.0
Gabon,A,222.12,222.09016635237876,-0.029833647621245518,4.19,4.175895371049702,-0.014104628950298626,84.73,84.68992702682304,-0.04007297317696157,0.1,0.09980330329288034,-0.00019669670711966458,0.51,0.5121290801095371,0.0021290801095370515,166.58,166.5803544552261,0.000354455226073469,59.33,59.32787229303727,-0.002127706962731679,19.54,19.542966933626023,0.0029669336260234047,92.21,92.18696150165404,-0.023038498345954395,197.93,194.30987817268368,-3.620121827316325,3.19,3.1939726980735723,0.003972698073572367,850.43,846.7099271879547,-3.7200728120452595
Gambia,A,0.0,0.0,0.0,0.0,0.0,0.0,0.0,0.0,0.0,0.0,0.0,0.0,0.0,0.0,0.0,0.0,0.0,0.0,0.0,0.0,0.0,0.0,0.0,0.0,0.0,0.0,0.0,0.0,0.0,0.0,0.0,0.0,0.0,0.0,0.0,0.0
Georgia,A,17.86,17.857093949220026,-0.0029060507799734125,0.21,0.21200778421995264,0.002007784219952652,6.8,6.795386239954746,-0.004613760045253379,0.0,0.004095036274587622,0.004095036274587622,0.02,0.021143806753958147,0.0011438067539581466,13.49,13.493885704137215,0.003885704137214674,4.89,4.886387011113992,-0.003612988886007251,1.56,1.565378415059123,0.005378415059122954,7.41,7.413337788450835,0.0033377884508345446,16.21,15.905423469217874,-0.30457653078212665,0.27,0.2744166592133681,0.00441665921336809,68.73,68.42855586361567,-0.3014441363843332
Germany,A,0.0,0.0,0.0,0.0,0.0,0.0,0.0,0.0,0.0,0.0,0.0,0.0,0.0,0.0,0.0,0.0,0.0,0.0,0.0,0.0,0.0,0.0,0.0,0.0,0.0,0.0,0.0,0.0,0.0,0.0,0.0,0.0,0.0,0.0,0.0,0.0
Ghana,A,1223.32,1222.6203570898845,-0.6996429101154718,70.61,70.41510082646066,-0.1948991735393406,506.36,505.6256403813528,-0.7343596186472041,2.0,2.002405234864751,0.0024052348647511934,10.24,10.238522417324168,-0.0014775826758324229,823.85,823.8336037711827,-0.016396228817370684,284.42,284.4123634590024,-0.007636540997623342,132.49,132.33192744536686,-0.15807255463315073,537.24,536.694422135313,-0.5455778646870613,951.61,933.5573059703402,-18.052694029659847,15.89,15.902572927952813,0.012572927952811952,4558.04,4537.634221659046,-20.405778340954384
Greece,A,0.0,0.0,0.0,0.0,0.0,0.0,0.0,0.0,0.0,0.0,0.0,0.0,0.0,0.0,0.0,0.0,0.0,0.0,0.0,0.0,0.0,0.0,0.0,0.0,0.0,0.0,0.0,0.0,0.0,0.0,0.0,0.0,0.0,0.0,0.0,0.0
Greenland,A,0.0,0.0,0.0,0.0,0.0,0.0,0.0,0.0,0.0,0.0,0.0,0.0,0.0,0.0,0.0,0.0,0.0,0.0,0.0,0.0,0.0,0.0,0.0,0.0,0.0,0.0,0.0,0.0,0.0,0.0,0.0,0.0,0.0,0.0,0.0,0.0
Grenada,B,48.04,48.04758713777087,0.00758713777086939,0.17,0.17130127342077317,0.001301273420773158,17.34,17.34009968244749,9.968244749103405e-05,0.0,0.0,0.0,0.0,0.0,0.0,38.02,38.02077212218328,0.0007721221832781566,13.45,13.453387943607941,0.0033879436079420344,3.66,3.6583409242644636,-0.001659075735536586,19.15,19.14705975445156,-0.0029402455484373036,45.21,44.44824312345498,-0.7617568765450216,0.67,0.6748022804795025,0.004802280479502485,185.71,184.96159424208085,-0.7484057579191585
Guam,A,0.41,0.4131798456342282,0.00317984563422824,0.0,0.0016493086150849866,0.0016493086150849866,0.15,0.1536638561092711,0.003663856109271113,0.0,0.0,0.0,0.0,0.0,0.0,0.32,0.31965014933957553,-0.00034985066042447777,0.12,0.1163525498158475,-0.0036474501841524953,0.03,0.03467961753653555,0.004679617536535549,0.17,0.16871502848001138,-0.0012849715199886313,0.39,0.37862586353193556,-0.011374136468064455,0.01,0.0064876000939531825,-0.0035123999060468177,1.6,1.593003819156443,-0.0069961808435570205
Guatemala,B,285.93,285.6807236381978,-0.2492763618022309,25.24,25.1697815239901,-0.07021847600989872,126.48,126.21160803056185,-0.2683919694381558,0.73,0.7259515270130668,-0.004048472986933227,3.72,3.720875907558308,0.000875907558307798,174.69,174.68900143623932,-0.0009985637606746423,57.99,57.99072516148398,0.0007251614839773879,34.81,34.74517675227137,-0.0648232477286328,131.79,131.59616943424632,-0.19383056575367164,195.22,191.51487791700734,-3.705122082992659,3.27,3.268226843994036,-0.0017731560059641716,1039.86,1035.3131181725635,-4.546881827436437
Guinea,A,470.83,470.64866603481164,-0.18133396518834388,23.68,23.611959226496108,-0.06804077350389193,192.17,191.93904468543676,-0.23095531456323215,0.67,0.6657813039243734,-0.004218696075626638,3.4,3.401797038014777,0.0017970380147769305,323.43,323.46083695262297,0.0308369526229626,112.83,112.83719473648237,0.007194736482375674,49.7,49.65588088945543,-0.04411911054457107,204.75,204.58454345118014,-0.16545654881986138,376.69,369.5183052008545,-7.1716947991454845,6.36,6.359743337918856,-0.0002566620811439435,1764.49,1756.6837528571978,-7.806247142802249
Guinea-Bissau,A,165.0,165.03674294489426,0.036742944894257334,0.66,0.6593539534214558,-0.0006460465785442793,61.38,61.391036591615254,0.011036591615251723,0.0,0.0,0.0,0.0,0.0,0.0,127.63,127.65573845500731,0.025738455007314087,46.47,46.47575180162735,0.005751801627347675,13.85,13.862306706883595,0.012306706883595808,67.39,67.40089440164257,0.010894401642573825,154.13,151.22373863444287,-2.9062613655571283,2.59,2.593555182988106,0.003555182988105976,639.11,636.2991186725228,-2.8108813274772046
Guyana,B,673.43,673.173684653444,-0.25631534655599353,30.87,30.791420934525057,-0.07857906547494409,277.33,277.04095428839076,-0.2890457116092193,0.82,0.8232540670085442,0.003254067008544248,4.25,4.250688818133036,0.0006888181330362286,463.64,463.65659685873385,0.01659685873386252,160.61,160.61747287911012,0.007472879110110853,66.58,66.52630149292385,-0.05369850707614887,295.89,295.674993514419,-0.2150064855810001,538.19,528.4044094032556,-9.785590596744441,8.64,8.644455693903002,0.004455693903000935,2520.26,2509.604232603847,-10.655767396153351
Haiti,B,1099.85,1099.6801078324152,-0.16989216758474868,31.11,31.035486358761425,-0.07451364123857473,427.45,427.182209495384,-0.2677905046160163,0.82,0.8162267927113513,-0.0037732072886486057,4.17,4.17524032510831,0.00524032510830974,805.36,805.4232588874838,0.06325888748381203,284.84,284.8603912397151,0.020391239715138454,102.27,102.23763173997668,-0.032368260023318385,462.32,462.13369244792835,-0.1863075520716393,950.9,933.460704093682,-17.439295906317966,15.44,15.451025368041705,0.011025368041705619,4184.53,4166.4559745812085,-18.07402541879128
Honduras,B,635.18,634.7213330367542,-0.45866696324571876,47.38,47.2485310402519,-0.1314689597481049,276.9,276.4131099527843,-0.4868900472156952,1.33,1.3261097446873307,-0.0038902553126693995,6.83,6.826318491852302,-0.003681508147698409,401.76,401.7621220865951,0.002122086595136352,134.73,134.73039622524755,0.0003962252475560035,71.47,71.36540152005789,-0.10459847994211202,290.49,290.1386375612292,-0.3513624387708205,453.58,445.27031891723317,-8.309681082766815,7.33,7.331158182352508,0.0011581823525075308,2326.99,2317.1334367590453,-9.856563240954529
Hungary,A,0.0,0.0,0.0,0.0,0.0,0.0,0.0,0.0,0.0,0.0,0.0,0.0,0.0,0.0,0.0,0.0,0.0,0.0,0.0,0.0,0.0,0.0,0.0,0.0,0.0,0.0,0.0,0.0,0.0,0.0,0.0,0.0,0.0,0.0,0.0,0.0
Iceland,A,0.0,0.0,0.0,0.0,0.0,0.0,0.0,0.0,0.0,0.0,0.0,0.0,0.0,0.0,0.0,0.0,0.0,0.0,0.0,0.0,0.0,0.0,0.0,0.0,0.0,0.0,0.0,0.0,0.0,0.0,0.0,0.0,0.0,0.0,0.0,0.0
India,A,13800.33,13803.33228933403,3.002289334030138,54.68,54.71675671181694,0.036756711816941845,5123.83,5124.7456733207655,0.9156733207655634,0.0,0.0,0.0,0.0,0.0,0.0,10691.97,10693.822097371003,1.8520973710037651,3885.72,3886.3581329365747,0.638132936574948,1150.92,1151.6965594762964,0.7765594762963701,5628.05,5628.920990897273,0.8709908972732592,12898.23,12656.441507881336,-241.78849211866327,215.11,215.25077452602739,0.1407745260273714,53448.83,53215.28478245512,-233.54521754488087
Indonesia,A,503.69,503.56284853676635,-0.1271514632336448,27.4,27.31959217023318,-0.08040782976681982,207.92,207.68381429395637,-0.23618570604361366,0.78,0.7766837797357612,-0.003316220264238834,3.96,3.9650750197850293,0.005075019785029333,340.63,340.73028630119074,0.10028630119074933,119.09,119.12643492841046,0.0364349284104577,55.14,55.09502752295374,-0.044972477046258064,220.76,220.60645016895762,-0.15354983104236908,396.93,389.2021695556447,-7.727830444355334,6.92,6.9284670164693285,0.00846701646932857,1883.22,1874.9968492941034,-8.223150705896614
Iran,A,0.0,0.0,0.0,0.0,0.0,0.0,0.0,0.0,0.0,0.0,0.0,0.0,0.0,0.0,0.0,0.0,0.0,0.0,0.0,0.0,0.0,0.0,0.0,0.0,0.0,0.0,0.0,0.0,0.0,0.0,0.0,0.0,0.0,0.0,0.0,0.0
Iraq,A,0.0,0.0,0.0,0.0,0.0,0.0,0.0,0.0,0.0,0.0,0.0,0.0,0.0,0.0,0.0,0.0,0.0,0.0,0.0,0.0,0.0,0.0,0.0,0.0,0.0,0.0,0.0,0.0,0.0,0.0,0.0,0.0,0.0,0.0,0.0,0.0
Ireland,A,0.0,0.0,0.0,0.0,0.0,0.0,0.0,0.0,0.0,0.0,0.0,0.0,0.0,0.0,0.0,0.0,0.0,0.0,0.0,0.0,0.0,0.0,0.0,0.0,0.0,0.0,0.0,0.0,0.0,0.0,0.0,0.0,0.0,0.0,0.0,0.0
Israel,A,0.0,0.0,0.0,0.0,0.0,0.0,0.0,0.0,0.0,0.0,0.0,0.0,0.0,0.0,0.0,0.0,0.0,0.0,0.0,0.0,0.0,0.0,0.0,0.0,0.0,0.0,0.0,0.0,0.0,0.0,0.0,0.0,0.0,0.0,0.0,0.0
Italy,A,0.0,0.0,0.0,0.0,0.0,0.0,0.0,0.0,0.0,0.0,0.0,0.0,0.0,0.0,0.0,0.0,0.0,0.0,0.0,0.0,0.0,0.0,0.0,0.0,0.0,0.0,0.0,0.0,0.0,0.0,0.0,0.0,0.0,0.0,0.0,0.0
Jamaica,B,480.78,480.7717712871571,-0.00822871284287885,3.97,3.9629251777300816,-0.007074822269918624,181.18,181.1539754819016,-0.02602451809841,0.06,0.05932147389649371,-0.0006785261035062856,0.31,0.30629320385049447,-0.0037067961495055313,367.1,367.0876184053401,-0.012381594659927941,133.34,133.3348257103029,-0.005174289697094991,41.4,41.41048213304271,0.010482133042714281,198.2,198.17709664213876,-0.02290335786122455,442.32,433.82500441005897,-8.494995589941027,7.48,7.482646257543126,0.002646257543125863,1856.13,1847.5719601829624,-8.558039817037752
Japan,A,8.36,8.362941992133873,0.0029419921338735833,0.03,0.03398915719148273,0.003989157191482733,3.12,3.1237698351550347,0.0037698351550345954,0.0,0.0,0.0,0.0,0.0,0.0,6.45,6.446239374487089,-0.003760625512911453,2.36,2.355884674090607,-0.004115325909392897,0.71,0.7127610067574826,0.002761006757482587,3.43,3.4261632201641916,-0.003836779835808546,7.8,7.651845872392895,-0.14815412760710522,0.13,0.1336630648157177,0.0036630648157177093,32.4,32.24725819718837,-0.15274180281162586
Jordan,A,0.0,0.0,0.0,0.0,0.0,0.0,0.0,0.0,0.0,0.0,0.0,0.0,0.0,0.0,0.0,0.0,0.0,0.0,0.0,0.0,0.0,0.0,0.0,0.0,0.0,0.0,0.0,0.0,0.0,0.0,0.0,0.0,0.0,0.0,0.0,0.0
Kazakhstan,A,281.4,281.25301648948556,-0.14698351051441705,17.93,17.880735820537772,-0.049264179462227276,122.12,121.9547117122999,-0.16528828770010762,0.49,0.48900920581996776,-0.0009907941800322284,2.52,2.5248900023004444,0.0048900023004443405,181.08,181.0952159301457,0.01521593014570044,62.14,62.142057407002895,0.0020574070028942515,30.75,30.7170307664094,-0.03296923359059889,128.61,128.48365794423978,-0.12634205576023305,207.89,203.91549286424893,-3.974507135751054,3.52,3.5216129270160015,0.0016129270160014642,1038.44,1033.9774310695063,-4.462568930493717
Kenya,A,84805.45,84705.47094822067,-99.9790517793299,10524.81,10495.198148112508,-29.611851887491866,40823.72,40716.128970794125,-107.59102920587611,301.17,301.3151590033224,0.14515900332236242,1550.71,1550.8346059900819,0.12460599008181816,45146.19,45151.822902900094,5.632902900091722,13883.04,13884.723334725639,1.6833347256379056,11320.82,11294.173887105928,-26.646112894071848,41734.31,41656.68096860177,-77.62903139822447,47478.87,46637.41202554494,-841.4579744550647,747.34,747.8144263582466,0.47442635824654644,298316.44,297141.57537735737,-1174.8646226426354
Kiribati,A,0.21,0.20799921359582269,-0.002000786404177307,0.0,0.0008302798370716893,0.0008302798370716893,0.08,0.07735605104302382,-0.002643948956976186,0.0,0.0,0.0,0.0,0.0,0.0,0.16,0.16091535052093828,0.000915350520938274,0.06,0.05857313496116041,-0.0014268650388395906,0.02,0.017458095431375373,-0.0025419045686246276,0.08,0.0849329743849735,0.004932974384973504,0.19,0.19060436440406534,0.0006043644040653329,0.0,0.0032659282196959632,0.0032659282196959632,0.81,0.8019353923981271,-0.008064607601872997
Kuwait,A,0.0,0.0,0.0,0.0,0.0,0.0,0.0,0.0,0.0,0.0,0.0,0.0,0.0,0.0,0.0,0.0,0.0,0.0,0.0,0.0,0.0,0.0,0.0,0.0,0.0,0.0,0.0,0.0,0.0,0.0,0.0,0.0,0.0,0.0,0.0,0.0
Kyrgyzstan,A,152.22,152.24089950163537,0.02089950163536969,2.84,2.836378182360247,-0.003621817639752667,59.18,59.173578897787955,-0.006421102212044616,0.06,0.06469392197403961,0.0046939219740396165,0.33,0.33403264163087004,0.004032641630870026,112.47,112.49878055498755,0.028780554987548612,40.62,40.62981317762104,0.009813177621040836,13.92,13.926607399125787,0.006607399125787339,64.19,64.18395784996585,-0.006042150034147653,134.76,132.1651382166761,-2.5948617833238927,2.32,2.317254448633293,-0.0027455513667069553,582.92,580.3711347923982,-2.548865207601807
Lao People's Democratic Republic,A,0.0,0.0,0.0,0.0,0.0,0.0,0.0,0.0,0.0,0.0,0.0,0.0,0.0,0.0,0.0,0.0,0.0,0.0,0.0,0.0,0.0,0.0,0.0,0.0,0.0,0.0,0.0,0.0,0.0,0.0,0.0,0.0,0.0,0.0,0.0,0.0
Latvia,A,6.39,6.3929206800897775,0.0029206800897778606,0.13,0.1311576911403758,0.0011576911403757828,2.5,2.4985772537695605,-0.0014227462304394756,0.0,0.00306649938640426,0.00306649938640426,0.02,0.015833185859578783,-0.004166814140421218,4.69,4.695568850488892,0.0055688504888919965,1.69,1.6939773849943982,0.003977384994398259,0.59,0.5910033974163355,0.001003397416335483,2.71,2.7060662363585837,-0.003933763641416288,5.62,5.510208766533669,-0.10979123346633113,0.1,0.09690865826815648,-0.0030913417318435277,24.44,24.335288604305735,-0.10471139569426668
Lebanon,A,23.34,23.337182930683102,-0.0028170693168974026,0.09,0.09309225979380031,0.003092259793800317,8.68,8.677770744561375,-0.002229255438624733,0.0,0.0,0.0,0.0,0.0,0.0,18.06,18.05695714795987,-0.003042852040127997,6.57,6.571703501594808,0.0017035015948074772,1.96,1.9576268847256033,-0.0023731152743966533,9.53,9.528117956723456,-0.0018820432765433992,21.8,21.386751416752794,-0.41324858324720637,0.37,0.3661844428689846,-0.00381555713101539,90.39,89.9753872856638,-0.41461271433620084
Lesotho,A,2023.48,2021.6982278719902,-1.781772128009834,189.06,188.5315138632742,-0.5284861367258031,908.25,906.3184950156182,-1.9315049843818315,5.41,5.412261679383716,0.002261679383716242,27.79,27.788315176884183,-0.001684823115816414,1212.05,1212.1465875850893,0.09658758508930987,397.3,397.32457077260415,0.024570772604135982,247.78,247.32700577839867,-0.4529942216013296,943.64,942.2427255388155,-1.3972744611844519,1341.53,1316.72855268467,-24.80144731533005,21.97,21.98196689408379,0.011966894083791146,7318.26,7287.500222860811,-30.759777139189282
Liberia,A,157.98,157.92716821926913,-0.05283178073085537,4.51,4.502853291123225,-0.00714670887677471,61.82,61.769277634293985,-0.05072236570601518,0.12,0.11934735658611151,-0.0006526434138884873,0.61,0.6087668298723362,-0.001233170127663774,114.84,114.8294604422022,-0.010539557797798693,41.03,41.0284059019161,-0.0015940980838990981,15.21,15.200428476257494,-0.009571523742506471,66.74,66.70404821489427,-0.03595178510572339,136.42,133.77289918624402,-2.6471008137559693,2.32,2.3247364921852443,0.004736492185244412,601.61,598.7873920448441,-2.822607955155945
Libya,A,10.19,10.19284182688127,0.0028418268812711034,0.04,0.04072238966445052,0.0007223896644505193,3.79,3.791574617874954,0.001574617874954054,0.0,0.0,0.0,0.0,0.0,0.0,7.88,7.884151899435366,0.004151899435366424,2.87,2.870391031999188,0.0003910319991877742,0.86,0.8561505583405671,-0.003849441659432906,4.16,4.162749720864653,0.0027497208646529714,9.52,9.33973623610097,-0.18026376389902943,0.16,0.16018068023987087,0.0001806802398708618,39.47,39.298498961401286,-0.1715010385987128
Lithuania,A,0.0,0.0,0.0,0.0,0.0,0.0,0.0,0.0,0.0,0.0,0.0,0.0,0.0,0.0,0.0,0.0,0.0,0.0,0.0,0.0,0.0,0.0,0.0,0.0,0.0,0.0,0.0,0.0,0.0,0.0,0.0,0.0,0.0,0.0,0.0,0.0
Luxembourg,A,0.0,0.0,0.0,0.0,0.0,0.0,0.0,0.0,0.0,0.0,0.0,0.0,0.0,0.0,0.0,0.0,0.0,0.0,0.0,0.0,0.0,0.0,0.0,0.0,0.0,0.0,0.0,0.0,0.0,0.0,0.0,0.0,0.0,0.0,0.0,0.0
Madagascar,A,248.39,248.16614510129952,-0.22385489870046626,7.6,7.580137626275418,-0.019862373724581772,98.1,97.96556440170733,-0.1344355982926686,0.2,0.2032698834904203,0.003269883490420289,1.04,1.0355209823294809,-0.00447901767051917,178.63,178.49986672460847,-0.13013327539152897,64.18,64.13063933443534,-0.04936066556466301,24.74,24.713170958592148,-0.026829041407850696,105.62,105.4984025685397,-0.12159743146030166,212.89,208.47249445468168,-4.417505545318306,3.76,3.7609407320759884,0.0009407320759886595,945.15,940.0261527680356,-5.123847231964419
Malawi,A,56656.2,56596.39645465912,-59.803545340873825,5958.31,5941.498802898607,-16.81119710139319,25994.62,25932.322633919895,-62.29736608010353,170.9,170.98442773075368,0.08442773075367427,878.45,878.5197484567304,0.06974845673039454,32696.58,32697.04958351105,0.46958351104694884,10431.35,10431.315389572233,-0.034610427766892826,7126.84,7111.819584781325,-15.020415218675225,26852.92,26807.418178414562,-45.50182158543612,35459.82,34826.2414297932,-633.5785702068024,558.84,559.1328697197252,0.2928697197252177,202784.84,201952.69910345718,-832.1408965428127
Malaysia,A,305.1,305.0600736807637,-0.039926319236315067,7.63,7.6119488337066485,-0.01805116629335135,120.36,120.2967311364641,-0.063268863535896,0.19,0.1862861025835901,-0.0037138974164099003,0.96,0.9618467554044065,0.001846755404406486,221.69,221.70066478752747,0.010664787527474573,79.42,79.42244782699467,0.0024478269946683895,28.5,28.497889091452244,-0.002110908547756196,130.0,129.95571548412573,-0.04428451587426707,263.92,258.8472194746227,-5.072780525377311,4.49,4.489180372905439,-0.0008196270945610706,1162.26,1157.0300035465507,-5.229996453449303
Maldives,A,0.06,0.0619242641251217,0.0019242641251216996,0.0,0.0002516762102732953,0.0002516762102732953,0.02,0.02313027503002817,0.0031302750300281693,0.0,0.0,0.0,0.0,0.0,0.0,0.05,0.04773184245627465,-0.0022681575437253562,0.02,0.017444390376488646,-0.002555609623511354,0.01,0.005277712183350445,-0.004722287816649556,0.03,0.0253693779510588,-0.004630622048941199,0.06,0.05665887976892171,-0.0033411202310782845,0.0,0.0009897219109264467,0.0009897219109264467,0.24,0.23877814001244385,-0.0012218599875561398
Mali,A,624.62,624.1842946131127,-0.43570538688732086,52.48,52.33169798964044,-0.1483020103595578,271.16,270.6406485686826,-0.5193514313174319,1.53,1.526373888871558,-0.0036261111284421332,7.8,7.8000861268627695,8.61268627696532e-05,390.11,390.18374848830206,0.07374848830204428,130.47,130.49663930044142,0.026639300441416935,75.46,75.33628483964014,-0.12371516035985053,283.48,283.1148374348467,-0.36516256515329815,438.69,430.4368088275849,-8.253191172415086,7.36,7.364641419228852,0.004641419228851973,2283.16,2273.4160614972143,-9.743938502785568
Malta,A,0.0,0.0,0.0,0.0,0.0,0.0,0.0,0.0,0.0,0.0,0.0,0.0,0.0,0.0,0.0,0.0,0.0,0.0,0.0,0.0,0.0,0.0,0.0,0.0,0.0,0.0,0.0,0.0,0.0,0.0,0.0,0.0,0.0,0.0,0.0,0.0
Marshall Islands,A,1.3,1.29649100498937,-0.003508995010629956,0.01,0.005175261587667385,-0.004824738412332615,0.48,0.4821721324084523,0.002172132408452321,0.0,0.0,0.0,0.0,0.0,0.0,1.0,1.0030100638769812,0.003010063876981217,0.37,0.36509533520995,-0.004904664790049973,0.11,0.10881898685927895,-0.0011810131407210545,0.53,0.529400257883101,-0.0005997421168990602,1.21,1.1880662416434717,-0.02193375835652822,0.02,0.02035703157995882,0.00035703157995882126,5.02,4.998586316038232,-0.021413683961768015
Mauritania,A,174.78,174.65953213328038,-0.12046786671962195,10.37,10.337930830290205,-0.032069169709794565,72.53,72.41111526405075,-0.11888473594925131,0.3,0.296792297681611,-0.0032077023183890163,1.51,1.5145207289099556,0.004520728909955585,117.05,117.03843301514148,-0.011566984858518481,40.56,40.55803622558437,-0.001963774415635555,19.38,19.352551114344593,-0.027448885655406485,76.85,76.75867086294086,-0.09132913705913381,135.48,132.82924671915384,-2.6507532808461463,2.32,2.324300766660145,0.004300766660145339,651.13,648.0811299580382,-3.048870041961777
Mauritius,A,6.61,6.61063697056659,0.0006369705665898451,0.03,0.026630570518194407,-0.003369429481805592,2.46,2.464005205415309,0.004005205415309021,0.0,0.0,0.0,0.0,0.0,0.0,5.1,5.104725401761608,0.0047254017616085164,1.86,1.8619507586874258,0.0019507586874256688,0.56,0.5591933560276812,-0.0008066439723188878,2.7,2.7039304368465786,0.003930436846578456,6.17,6.053090124905303,-0.11690987509469686,0.1,0.10473853461814848,0.004738534618148479,25.6,25.48890135934684,-0.11109864065316088
Mexico,B,5098.53,5097.786228647051,-0.7437713529488974,167.67,167.2565941452615,-0.41340585473849956,2031.45,2030.1123048196346,-1.337695180365472,4.31,4.310098448230527,9.844823052773677e-05,22.25,22.25423233621986,0.004232336219860855,3653.45,3653.9398642705705,0.48986427057070614,1283.29,1283.4430726432947,0.1530726432947631,476.38,476.1939501895513,-0.18604981044870783,2186.68,2185.751679658596,-0.9283203414038326,4290.58,4212.840709356019,-77.7392906439809,69.02,69.06720090443041,0.04720090443041158,19283.62,19202.95593541886,-80.66406458113852
Micronesia (Federated States of),A,0.0,0.0,0.0,0.0,0.0,0.0,0.0,0.0,0.0,0.0,0.0,0.0,0.0,0.0,0.0,0.0,0.0,0.0,0.0,0.0,0.0,0.0,0.0,0.0,0.0,0.0,0.0,0.0,0.0,0.0,0.0,0.0,0.0,0.0,0.0,0.0
Monaco,A,0.0,0.0,0.0,0.0,0.0,0.0,0.0,0.0,0.0,0.0,0.0,0.0,0.0,0.0,0.0,0.0,0.0,0.0,0.0,0.0,0.0,0.0,0.0,0.0,0.0,0.0,0.0,0.0,0.0,0.0,0.0,0.0,0.0,0.0,0.0,0.0
Mongolia,A,0.76,0.7572369126844848,-0.0027630873155152225,0.0,0.0032474581206149724,0.0032474581206149724,0.28,0.2805167632334712,0.0005167632334711625,0.0,8.723746655008401e-06,8.723746655008401e-06,0.0,4.4441520557144215e-05,4.4441520557144215e-05,0.59,0.5875448180063807,-0.002455181993619271,0.21,0.21287812035465725,0.00287812035465726,0.06,0.0626811043028093,0.002681104302809309,0.31,0.3082377783782454,-0.0017622216217546005,0.71,0.6942352263115785,-0.01576477368842144,0.01,0.01165886844004712,0.0016588684400471194,2.93,2.918290215099501,-0.01170978490049901
Montenegro,A,0.0,0.0,0.0,0.0,0.0,0.0,0.0,0.0,0.0,0.0,0.0,0.0,0.0,0.0,0.0,0.0,0.0,0.0,0.0,0.0,0.0,0.0,0.0,0.0,0.0,0.0,0.0,0.0,0.0,0.0,0.0,0.0,0.0,0.0,0.0,0.0
Montserrat,B,0.0,0.0,0.0,0.0,0.0,0.0,0.0,0.0,0.0,0.0,0.0,0.0,0.0,0.0,0.0,0.0,0.0,0.0,0.0,0.0,0.0,0.0,0.0,0.0,0.0,0.0,0.0,0.0,0.0,0.0,0.0,0.0,0.0,0.0,0.0,0.0
Morocco,A,264.68,264.52887390287316,-0.15112609712684844,15.12,15.079936357414727,-0.04006364258527206,112.81,112.65668627139642,-0.15331372860357817,0.41,0.40956641690610807,-0.0004335830938919094,2.11,2.1147048747073347,0.004704874707334827,174.54,174.53641685430537,-0.003583145694619816,60.19,60.187555721501006,-0.0024442784989915367,27.98,27.951266324625188,-0.02873367537481286,119.34,119.2231417717487,-0.11685822825130288,201.37,197.55650194106886,-3.8134980589311454,3.36,3.359419568688906,-0.0005804313110937542,981.92,977.6040700052357,-4.315929994764247
Mozambique,A,174711.67,174486.0354633201,-225.63453667992144,21562.33,21500.919171488666,-61.41082851133615,82863.26,82633.70736807032,-229.55263192967686,623.42,623.7093737651722,0.28937376517228586,3202.53,3202.7863791440877,0.25637914408753204,94559.13,94556.04141859175,-3.088581408257596,29259.12,29257.400270052323,-1.7197299476756598,23538.03,23481.522794789907,-56.50720521009134,84823.09,84654.85802977743,-168.231970222565,99916.37,98109.78805664495,-1806.5819433550496,1589.08,1589.8170383128406,0.7370383128406957,616648.05,614096.5853639574,-2551.4646360425977
Myanmar,A,5782.99,5782.137466663739,-0.8525333362604215,118.42,118.14811132087084,-0.27188867912916237,2232.46,2231.4198899019793,-1.0401100980207048,2.82,2.8244170956789483,0.004417095678948435,14.54,14.54114177562045,0.0011417756204501472,4291.8,4291.735934064357,-0.06406593564315699,1533.9,1533.8662217982007,-0.03377820179935043,519.68,519.6277780151102,-0.05222198488979757,2423.63,2422.819350965205,-0.8106490347950057,5107.56,5011.957891099658,-95.6021089003425,84.22,84.26056294722635,0.040562947226348456,22112.01,22013.338765647648,-98.67123435235044
Namibia,A,7435.7,7429.8183546946875,-5.881645305312304,632.23,630.5133544593252,-1.71664554067479,3355.43,3349.1049173230217,-6.325082676978127,17.57,17.580370582169895,0.010370582169894504,90.77,90.77232369322626,0.002323693226259138,4500.16,4500.360247605169,0.20024760516935203,1475.32,1475.363717526299,0.04371752629913317,851.65,850.1819612575252,-1.4680387424747323,3496.19,3491.584994526641,-4.605005473359142,4994.04,4905.534897460809,-88.50510253919128,78.2,78.24214179819998,0.0421417981999781,26927.25,26819.057280927074,-108.19271907292568
Nauru,A,0.0,0.0,0.0,0.0,0.0,0.0,0.0,0.0,0.0,0.0,0.0,0.0,0.0,0.0,0.0,0.0,0.0,0.0,0.0,0.0,0.0,0.0,0.0,0.0,0.0,0.0,0.0,0.0,0.0,0.0,0.0,0.0,0.0,0.0,0.0,0.0
Nepal,A,171.42,171.3313967868464,-0.08860321315358988,8.6,8.578664043361128,-0.021335956638871778,70.79,70.70446681770628,-0.08553318229373019,0.24,0.23621795882524552,-0.0037820411747544747,1.21,1.213167882103389,0.0031678821033891413,116.8,116.78928362750345,-0.010716372496546,40.72,40.720450498014515,0.00045049801451568783,17.93,17.908238677171394,-0.02176132282860621,75.33,75.26493195017326,-0.06506804982673486,135.96,133.34946207211127,-2.6105379278887426,2.29,2.293454580648724,0.0034545806487238373,641.29,638.389734894465,-2.9002651055349133
Netherlands,A,0.0,0.0,0.0,0.0,0.0,0.0,0.0,0.0,0.0,0.0,0.0,0.0,0.0,0.0,0.0,0.0,0.0,0.0,0.0,0.0,0.0,0.0,0.0,0.0,0.0,0.0,0.0,0.0,0.0,0.0,0.0,0.0,0.0,0.0,0.0,0.0
New Caledonia,A,0.0,0.0,0.0,0.0,0.0,0.0,0.0,0.0,0.0,0.0,0.0,0.0,0.0,0.0,0.0,0.0,0.0,0.0,0.0,0.0,0.0,0.0,0.0,0.0,0.0,0.0,0.0,0.0,0.0,0.0,0.0,0.0,0.0,0.0,0.0,0.0
New Zealand,A,1.29,1.2915565167998133,0.001556516799813279,0.01,0.005155564368724921,-0.004844435631275079,0.48,0.48033696912267054,0.00033696912267056067,0.0,0.0,0.0,0.0,0.0,0.0,1.0,0.9991925739791259,-0.0008074260208741357,0.36,0.3637057701356667,0.0037057701356666972,0.11,0.10840481815051799,-0.0015951818494820136,0.53,0.5273853427699076,-0.0026146572300924653,1.21,1.1835444217347797,-0.02645557826522027,0.02,0.020279552035928697,0.0002795520359286964,5.0,4.979561529097135,-0.02043847090286466
Nicaragua,B,144.53,144.51003006850323,-0.019969931496774507,3.03,3.0190155177652778,-0.010984482234722037,56.04,56.01718773200679,-0.0228122679932099,0.07,0.07251572438501142,0.0025157243850114086,0.37,0.37301522526107944,0.003015225261079446,106.78,106.78167637853399,0.001676378533986167,38.33,38.32613427249779,-0.0038657275022089266,13.22,13.216710463137474,-0.003289536862526532,60.77,60.75360905356374,-0.01639094643626038,127.39,124.95761482814908,-2.4323851718509246,2.15,2.1468127366975165,-0.003187263302483423,552.67,550.174322000501,-2.49567799949898
Niger,A,3195.16,3192.7084191678077,-2.4515808321921213,240.45,239.76611097857244,-0.6838890214275466,1362.0,1359.443732296589,-2.5562677034110948,6.98,6.982989132502886,0.002989132502885461,35.65,35.64909747714495,-0.0009025228550498809,2051.18,2051.1628981607455,-0.017101839254337392,694.72,694.705765648107,-0.014234351893037456,374.48,373.9076164145005,-0.5723835854994945,1430.98,1429.095937481905,-1.8840625180951065,2330.76,2286.2162076882923,-44.543792311707875,39.26,39.280071186872476,0.02007118687247811,11761.63,11708.91884563304,-52.71115436695982
Nigeria,A,11257.84,11259.616943386465,1.7769433864650637,45.1,45.122740806388144,0.022740806388142687,4191.03,4191.535051515415,0.505051515415289,0.0,0.0,0.0,0.0,0.0,0.0,8702.9,8703.875892819005,0.9758928190058214,3170.7,3171.029229710386,0.3292297103862438,947.65,948.2319969708838,0.5819969708837789,4600.62,4601.056585568638,0.4365855686382929,10514.54,10314.537759804105,-200.00224019589587,177.37,177.48169773832467,0.1116977383246649,43607.76,43412.4878983196,-195.27210168039892
Niue,A,0.0,0.0,0.0,0.0,0.0,0.0,0.0,0.0,0.0,0.0,0.0,0.0,0.0,0.0,0.0,0.0,0.0,0.0,0.0,0.0,0.0,0.0,0.0,0.0,0.0,0.0,0.0,0.0,0.0,0.0,0.0,0.0,0.0,0.0,0.0,0.0
Northern Mariana Islands,A,0.14,0.1419727546170213,0.0019727546170212884,0.0,0.0005667190444339581,0.0005667190444339581,0.05,0.05280044795848959,0.002800447958489584,0.0,0.0,0.0,0.0,0.0,0.0,0.11,0.10983500936697749,-0.00016499063302251316,0.04,0.039979907487292084,-2.009251270791712e-05,0.01,0.011916265720001616,0.001916265720001616,0.06,0.0579721823116247,-0.0020278176883752955,0.13,0.13009965849705088,9.965849705087515e-05,0.0,0.0022292047057095813,0.0022292047057095813,0.55,0.5473721497086012,-0.002627850291398892
Norway,A,0.0,0.0,0.0,0.0,0.0,0.0,0.0,0.0,0.0,0.0,0.0,0.0,0.0,0.0,0.0,0.0,0.0,0.0,0.0,0.0,0.0,0.0,0.0,0.0,0.0,0.0,0.0,0.0,0.0,0.0,0.0,0.0,0.0,0.0,0.0,0.0
Oman,A,0.0,0.0,0.0,0.0,0.0,0.0,0.0,0.0,0.0,0.0,0.0,0.0,0.0,0.0,0.0,0.0,0.0,0.0,0.0,0.0,0.0,0.0,0.0,0.0,0.0,0.0,0.0,0.0,0.0,0.0,0.0,0.0,0.0,0.0,0.0,0.0
Pakistan,A,26.03,26.029458979547485,-0.0005410204525162499,1.13,1.129021705766513,-0.0009782942334868316,10.52,10.508707243299554,-0.011292756700445494,0.03,0.03163718154265046,0.0016371815426504607,0.16,0.16126085140148122,0.0012608514014812167,18.13,18.13964038918032,0.009640389180322728,6.42,6.425628095675411,0.005628095675411338,2.74,2.7339599839929107,-0.006040016007089477,11.24,11.2335277132146,-0.0064722867853994615,21.36,20.942561791460086,-0.4174382085399131,0.37,0.3752890808838626,0.005289080883862596,98.13,97.71069301596488,-0.4193069840351171
Palau,A,0.0,0.0,0.0,0.0,0.0,0.0,0.0,0.0,0.0,0.0,0.0,0.0,0.0,0.0,0.0,0.0,0.0,0.0,0.0,0.0,0.0,0.0,0.0,0.0,0.0,0.0,0.0,0.0,0.0,0.0,0.0,0.0,0.0,0.0,0.0,0.0
Panama,B,85.35,85.35333366537634,0.003333665376345607,0.81,0.8135646584573168,0.003564658457316794,31.93,31.924281029407393,-0.005718970592607064,0.01,0.014215020695894844,0.004215020695894843,0.07,0.07336418485053676,0.0033641848505367583,65.51,65.51361277219732,0.0036127721973144844,23.51,23.512619998729406,0.002619998729404216,7.13,7.131629640277637,0.0016296402776374563,34.97,34.970161891384784,0.00016189138478495124,78.36,76.92693963992316,-1.433060360076837,1.26,1.2628293777079906,0.0028293777079906324,328.93,327.4965518790078,-1.4334481209921819
Papua New Guinea,A,488.06,488.0140411991114,-0.04595880088862714,11.52,11.496325141208569,-0.02367485879143061,187.97,187.87771076117443,-0.09228923882557183,0.29,0.2917492099855981,0.0017492099855981325,1.49,1.4936589173470627,0.0036589173470626957,361.58,361.6162362537856,0.03623625378560291,128.41,128.42086501710608,0.010865017106084451,44.26,44.25783758713921,-0.0021624128607911075,203.92,203.8572586303194,-0.06274136968059452,428.43,420.5844142664593,-7.845585733540702,6.95,6.955605864061193,0.005605864061192456,1862.9,1854.8657028476978,-8.034297152302315
Paraguay,B,257.96,257.8699062235196,-0.09009377648038708,8.78,8.761306205072481,-0.018693794927518326,102.89,102.79539632624649,-0.09460367375351098,0.23,0.23127709236461144,0.0012770923646114318,1.19,1.1877925866363856,-0.0022074133636142967,183.99,183.976584225579,-0.013415774421019933,65.26,65.25115477604865,-0.008845223951354342,25.15,25.13970277324905,-0.010297226750950017,110.61,110.53496869709703,-0.07503130290297122,217.28,213.10023020774494,-4.179769792255058,3.67,3.6695985891715774,-0.0004014108284224882,977.01,972.5179177027297,-4.492082297270258
Peru,B,959.79,959.7414310524061,-0.048568947593821576,10.39,10.375069589531606,-0.014930410468394939,360.67,360.58998779118383,-0.08001220881618565,0.2,0.1960370571668801,-0.0039629428331199035,1.01,1.0105831156526868,0.0005831156526867609,733.32,733.3049221276284,-0.015077872371648482,263.36,263.3469011108559,-0.013098889144089298,81.18,81.20319281816455,0.02319281816454577,394.58,394.5091367506884,-0.07086324931157151,877.15,860.9834044444937,-16.16659555550632,14.23,14.240431910302453,0.010431910302452607,3695.89,3679.501097768075,-16.38890223192493
Philippines,A,1047.28,1046.8152226205,-0.4647773794999921,38.71,38.60800175806563,-0.10199824193436768,416.07,415.63358845483754,-0.43641154516245706,1.06,1.0620592579487795,0.0020592579487794804,5.42,5.417350380370998,-0.002649619629002231,745.77,745.6702097366299,-0.099790263370096,264.13,264.09242401354555,-0.037575986454442045,104.69,104.616123382479,-0.07387661752099461,446.94,446.60185245833065,-0.33814754166934335,879.5,862.4555086024997,-17.044491397500337,14.93,14.936932429422413,0.006932429422413122,3964.5,3945.9092730946304,-18.590726905369593
Poland,A,0.0,0.0,0.0,0.0,0.0,0.0,0.0,0.0,0.0,0.0,0.0,0.0,0.0,0.0,0.0,0.0,0.0,0.0,0.0,0.0,0.0,0.0,0.0,0.0,0.0,0.0,0.0,0.0,0.0,0.0,0.0,0.0,0.0,0.0,0.0,0.0
Portugal,A,0.0,0.0,0.0,0.0,0.0,0.0,0.0,0.0,0.0,0.0,0.0,0.0,0.0,0.0,0.0,0.0,0.0,0.0,0.0,0.0,0.0,0.0,0.0,0.0,0.0,0.0,0.0,0.0,0.0,0.0,0.0,0.0,0.0,0.0,0.0,0.0
Puerto Rico,B,26.54,26.54458808684205,0.004588086842051808,0.11,0.10595922883970435,-0.00404077116029565,9.87,9.87207824233348,0.002078242333480418,0.0,0.0,0.0,0.0,0.0,0.0,20.54,20.535806951310008,-0.004193048689991485,7.48,7.475027013901343,-0.004972986098657373,2.23,2.227979346629343,-0.002020653370657044,10.84,10.839035307221502,-0.0009646927784974224,24.8,24.32468014274197,-0.4753198572580324,0.42,0.41679349558254203,-0.003206504417457956,102.81,102.34194781540194,-0.46805218459806497
Qatar,A,0.72,0.7157757601707163,-0.00422423982928366,0.0,0.002857194367519197,0.002857194367519197,0.27,0.26620094029161806,-0.0037990597083819577,0.0,0.0,0.0,0.0,0.0,0.0,0.55,0.5537487635221284,0.0037487635221283844,0.2,0.2015643688147509,0.0015643688147508883,0.06,0.06007754218151802,7.754218151802272e-05,0.29,0.2922749718760731,0.0022749718760731175,0.67,0.6559158636449578,-0.014084136355042243,0.01,0.011238851405747914,0.0012388514057479136,2.77,2.7596542562750295,-0.010345743724970546
Republic of Korea,A,0.0,0.0,0.0,0.0,0.0,0.0,0.0,0.0,0.0,0.0,0.0,0.0,0.0,0.0,0.0,0.0,0.0,0.0,0.0,0.0,0.0,0.0,0.0,0.0,0.0,0.0,0.0,0.0,0.0,0.0,0.0,0.0,0.0,0.0,0.0,0.0
Republic of Moldova,A,0.0,0.0,0.0,0.0,0.0,0.0,0.0,0.0,0.0,0.0,0.0,0.0,0.0,0.0,0.0,0.0,0.0,0.0,0.0,0.0,0.0,0.0,0.0,0.0,0.0,0.0,0.0,0.0,0.0,0.0,0.0,0.0,0.0,0.0,0.0,0.0
Romania,A,0.0,0.0,0.0,0.0,0.0,0.0,0.0,0.0,0.0,0.0,0.0,0.0,0.0,0.0,0.0,0.0,0.0,0.0,0.0,0.0,0.0,0.0,0.0,0.0,0.0,0.0,0.0,0.0,0.0,0.0,0.0,0.0,0.0,0.0,0.0,0.0
Russia,A,0.0,0.0,0.0,0.0,0.0,0.0,0.0,0.0,0.0,0.0,0.0,0.0,0.0,0.0,0.0,0.0,0.0,0.0,0.0,0.0,0.0,0.0,0.0,0.0,0.0,0.0,0.0,0.0,0.0,0.0,0.0,0.0,0.0,0.0,0.0,0.0
Rwanda,A,4443.19,4439.222637899166,-3.9673621008332702,402.61,401.4891562478563,-1.1208437521437418,1989.81,1985.6609336466086,-4.14906635339139,11.39,11.395300509107944,0.005300509107943441,58.65,58.65875799282231,0.008757992822310712,2686.54,2686.5646073922667,0.024607392266716488,870.17,870.164769958488,-0.005230041511936179,520.48,519.5071418864586,-0.972858113541406,2070.95,2067.9157397654085,-3.034260234591329,2957.02,2905.719660799932,-51.30033920006781,45.22,45.244008541362206,0.02400854136220687,16056.04,15991.542714639478,-64.49728536052316
Saint Kitts and Nevis,B,0.0,0.0,0.0,0.0,0.0,0.0,0.0,0.0,0.0,0.0,0.0,0.0,0.0,0.0,0.0,0.0,0.0,0.0,0.0,0.0,0.0,0.0,0.0,0.0,0.0,0.0,0.0,0.0,0.0,0.0,0.0,0.0,0.0,0.0,0.0,0.0
Saint Lucia,B,31.16,31.16234656194574,0.002346561945739012,0.11,0.11110130532745036,0.0011013053274503554,11.25,11.246312830937791,-0.003687169062208895,0.0,0.0,0.0,0.0,0.0,0.0,24.66,24.659229484862937,-0.0007705151370629437,8.73,8.72549825090891,-0.004501749091090801,2.37,2.3726995363323704,0.0026995363323703003,12.42,12.41825754953374,-0.0017424504662599816,29.32,28.827910802494188,-0.4920891975058126,0.44,0.4376582421256037,-0.0023417578743962775,120.45,119.96101456446874,-0.48898543553126217
Saint Vincent and the Grenadines,B,5.82,5.819138770403399,-0.0008612295966008432,0.02,0.020746637676601995,0.0007466376766019946,2.1,2.1000939351118326,9.393511183253267e-05,0.0,0.0,0.0,0.0,0.0,0.0,4.6,4.604771276078154,0.004771276078153974,1.63,1.6293665517780818,-0.0006334482219181314,0.44,0.44306894010512454,0.00306894010512454,2.32,2.3189384606739463,-0.0010615393260535733,5.48,5.383215063315522,-0.09678493668447885,0.08,0.08172664532425639,0.0017266453242563845,22.49,22.401066280466917,-0.08893371953308105
Samoa,A,0.72,0.7222194007712194,0.002219400771219404,0.0,0.0028829157381698093,0.0028829157381698093,0.27,0.2685973656558216,-0.0014026343441784217,0.0,0.0,0.0,0.0,0.0,0.0,0.56,0.5587337856668548,-0.0012662143331452214,0.2,0.20337891524504595,0.003378915245045938,0.06,0.060618379286545065,0.0006183792865450677,0.29,0.294906123949234,0.004906123949234009,0.67,0.6618206264557138,-0.008179373544286217,0.01,0.011340027113631378,0.0013400271136313775,2.8,2.7844975398822363,-0.015502460117763572
San Marino,A,0.0,0.0,0.0,0.0,0.0,0.0,0.0,0.0,0.0,0.0,0.0,0.0,0.0,0.0,0.0,0.0,0.0,0.0,0.0,0.0,0.0,0.0,0.0,0.0,0.0,0.0,0.0,0.0,0.0,0.0,0.0,0.0,0.0,0.0,0.0,0.0
Sao Tome and Principe,A,0.6,0.5984017786527006,-0.0015982213472993667,0.0,0.0023907317331197703,0.0023907317331197703,0.22,0.22259591915251206,0.0025959191525120606,0.0,0.0,0.0,0.0,0.0,0.0,0.46,0.4628631151076869,0.0028631151076868866,0.17,0.16851503517372127,-0.0014849648262787452,0.05,0.05026292231420358,0.0002629223142035786,0.24,0.24438688241801337,0.0043868824180133825,0.56,0.5483176204196976,-0.011682379580302493,0.01,0.009403893986518029,-0.0005961060134819715,2.32,2.3071378989581732,-0.012862101041826612
Saudi Arabia,A,0.0,0.0,0.0,0.0,0.0,0.0,0.0,0.0,0.0,0.0,0.0,0.0,0.0,0.0,0.0,0.0,0.0,0.0,0.0,0.0,0.0,0.0,0.0,0.0,0.0,0.0,0.0,0.0,0.0,0.0,0.0,0.0,0.0,0.0,0.0,0.0
Senegal,A,2452.08,2450.693086826032,-1.3869131739679688,144.93,144.52751535340363,-0.4024846465963776,1014.79,1013.2901381457177,-1.4998618542822442,4.12,4.125381204486342,0.005381204486341495,21.09,21.087541097898914,-0.0024589021010861245,1649.46,1649.4806580027719,0.020658002771824613,567.06,567.0580645264846,-0.0019354735153456204,265.57,265.25529004952534,-0.31470995047465067,1076.33,1075.2298383376055,-1.1001616623943846,1899.79,1864.266150436786,-35.52384956321407,31.33,31.34913160330004,0.0191316033000426,9126.56,9086.362795584011,-40.19720441598838
Serbia,A,0.0,0.0,0.0,0.0,0.0,0.0,0.0,0.0,0.0,0.0,0.0,0.0,0.0,0.0,0.0,0.0,0.0,0.0,0.0,0.0,0.0,0.0,0.0,0.0,0.0,0.0,0.0,0.0,0.0,0.0,0.0,0.0,0.0,0.0,0.0,0.0
Seychelles,A,8.48,8.486824550387647,0.006824550387646511,0.03,0.033906518145240004,0.003906518145240005,3.16,3.156963396287054,-0.0030366037129461176,0.0,0.0,0.0,0.0,0.0,0.0,6.56,6.564549419637816,0.004549419637815966,2.39,2.3899620432976834,-3.7956702316765956e-05,0.71,0.7128531670324187,0.0028531670324187797,3.47,3.466013416884645,-0.00398658311535538,7.93,7.776506702345218,-0.1534932976547818,0.13,0.13337059013045402,0.0033705901304540153,32.86,32.72094980414818,-0.13905019585182288
Sierra Leone,A,230.22,230.1888341508839,-0.03116584911609266,7.36,7.341046800317177,-0.01895319968282294,90.64,90.57828287946882,-0.06171712053118483,0.2,0.19770883819709129,-0.0022911618029087255,1.01,1.0089012958800645,-0.0010987041199355119,166.01,166.03208370535447,0.02208370535447557,59.07,59.07785537302968,0.007855373029677537,22.46,22.447125012698287,-0.012874987301714214,97.67,97.62248364519441,-0.047516354805594574,196.56,192.80176876485876,-3.7582312351412384,3.33,3.3357901880538665,0.005790188053866441,874.52,870.6318806539365,-3.8881193460634904
Singapore,A,2.23,2.2297402135999893,-0.0002597864000106753,0.01,0.009062240379941055,-0.000937759620058945,0.83,0.8328642272094201,0.002864227209420145,0.0,0.0,0.0,0.0,0.0,0.0,1.72,1.7187060693838434,-0.001293930616156569,0.63,0.6281295268297538,-0.0018704731702462452,0.19,0.1900374151761462,3.741517614619383e-05,0.91,0.9134888078313765,0.003488807831376506,2.08,2.040146693112493,-0.03985330688750688,0.04,0.03563744803837647,-0.00436255196162353,8.64,8.597812641561339,-0.04218735843866206
Sint Maarten (Dutch part),B,0.0,0.0,0.0,0.0,0.0,0.0,0.0,0.0,0.0,0.0,0.0,0.0,0.0,0.0,0.0,0.0,0.0,0.0,0.0,0.0,0.0,0.0,0.0,0.0,0.0,0.0,0.0,0.0,0.0,0.0,0.0,0.0,0.0,0.0,0.0,0.0
Slovakia,A,0.0,0.0,0.0,0.0,0.0,0.0,0.0,0.0,0.0,0.0,0.0,0.0,0.0,0.0,0.0,0.0,0.0,0.0,0.0,0.0,0.0,0.0,0.0,0.0,0.0,0.0,0.0,0.0,0.0,0.0,0.0,0.0,0.0,0.0,0.0,0.0
Slovenia,A,0.0,0.0,0.0,0.0,0.0,0.0,0.0,0.0,0.0,0.0,0.0,0.0,0.0,0.0,0.0,0.0,0.0,0.0,0.0,0.0,0.0,0.0,0.0,0.0,0.0,0.0,0.0,0.0,0.0,0.0,0.0,0.0,0.0,0.0,0.0,0.0
Solomon Islands,A,13.46,13.461095211415499,0.0010952114154978432,0.05,0.05373326055288998,0.003733260552889979,5.01,5.0062553135065,-0.0037446864934995716,0.0,0.0,0.0,0.0,0.0,0.0,10.41,10.413966557343517,0.003966557343517252,3.79,3.7906804209143656,0.0006804209143655982,1.13,1.1298364101913194,-0.00016358980868047546,5.5,5.496611429533805,-0.0033885704661953397,12.57,12.335351911186203,-0.23464808881379717,0.21,0.21136123526122308,0.0013612352612230871,52.14,51.89889174990532,-0.24110825009468329
Somalia,A,245.76,245.63515522048237,-0.12484477951761619,18.58,18.524498117510724,-0.055501882489274124,104.79,104.61093778557633,-0.17906221442368064,0.54,0.5430919796584411,0.003091979658441102,2.77,2.7678541436667325,-0.0021458563332674707,157.38,157.42758014563458,0.04758014563458346,53.62,53.63669287872482,0.016692878724825277,29.34,29.297228610334347,-0.04277138966565275,110.02,109.89525144578182,-0.1247485542181721,179.51,176.03087829414972,-3.4791217058502752,3.12,3.120943172766402,0.0009431727664019895,905.41,901.4901117942862,-3.9198882057137325
South Africa,A,30935.22,30901.445043356103,-33.774956643897895,3314.4,3305.1301385950173,-9.269861404982748,14444.81,14410.189505368464,-34.62049463153562,94.26,94.30179373174812,0.04179373174811474,485.39,485.430471305113,0.040471305112987466,17476.86,17476.490801053147,-0.36919894685343024,5577.15,5576.9177157871,-0.23228421289968537,3925.12,3916.765646816944,-8.354353183055991,14886.25,14860.861751383853,-25.388248616147393,18926.67,18579.588409339754,-347.0815906602438,305.56,305.7093109284899,0.14931092848991057,110371.69,109912.83058766574,-458.85941233426274
South Sudan,A,2371.79,2371.8598567369663,0.06985673696635786,90.37,90.12668694472985,-0.2433130552701499,947.7,947.1192907456483,-0.5807092543517456,2.49,2.48962201606421,-0.0003779839357900272,12.69,12.690086360479,8.636047900090205e-05,1677.44,1678.1088349895028,0.6688349895027841,596.55,596.7901316588077,0.24013165880774068,242.19,242.11662967739463,-0.07337032260537057,1016.32,1016.0042009751976,-0.3157990248024589,1983.04,1944.6792093446813,-38.360790655318624,34.54,34.57100734528828,0.03100734528828042,8975.11,8936.555556794761,-38.554443205239295
Spain,A,6334.81,6334.899217982728,0.08921798272785963,64.87,64.7642610007418,-0.1057389992582074,2360.52,2360.1837147119195,-0.3362852880804894,1.2,1.197728251858905,-0.002271748141094987,6.18,6.1842027769609995,0.004202776960999799,4874.83,4875.032385564093,0.20238556409276498,1737.71,1737.765992676038,0.05599267603793123,520.56,520.7087931804211,0.14879318042119394,2587.03,2586.770748147602,-0.25925185239839266,5807.88,5704.694357934318,-103.18564206568226,91.14,91.18797332656223,0.047973326562228635,24386.72,24283.389375553244,-103.3306244467567
Sri Lanka,A,20.85,20.837607193558412,-0.012392806441589244,1.47,1.4662935728472892,-0.003706427152710745,8.95,8.935617678130706,-0.014382321869293335,0.04,0.04168983703369673,0.0016898370336967325,0.21,0.21374299622862827,0.0037429962286282814,13.39,13.39508457918875,0.005084579188748606,4.57,4.5743314747746915,0.004331474774691202,2.39,2.390423228302269,0.0004232283022687078,9.41,9.400287512885514,-0.009712487114486024,15.31,15.01600787432092,-0.29399212567908073,0.26,0.2621578436876241,0.002157843687624117,76.87,76.5332437909585,-0.3367562090415106
Sudan,A,102.12,102.09814633017469,-0.02185366982531889,5.31,5.2999977585007105,-0.010002241499289077,41.93,41.884115568195995,-0.04588443180400503,0.15,0.15057570998045156,0.0005757099804515609,0.77,0.7681650640174678,-0.0018349359825322598,69.54,69.56396941307983,0.023969413079825586,24.39,24.395789122303043,0.005789122303042404,11.09,11.08560658646359,-0.0043934135364089855,44.58,44.553333258538984,-0.026666741461014,81.24,79.65720276794134,-1.5827972320586525,1.42,1.4211026773612656,0.0011026773612656804,382.56,380.87800425655735,-1.6819957434426556
Suriname,B,21.26,21.25365841392289,-0.006341586077112993,0.38,0.3820515039762346,0.0020515039762346032,8.16,8.15243849287807,-0.007561507121929267,0.01,0.008750553610689374,-0.0012494463893106267,0.05,0.045181532501369276,-0.004818467498630727,15.9,15.895561747288374,-0.004438252711626234,5.67,5.6741175762943055,0.004117576294305536,1.86,1.8631791772937392,0.003179177293739066,8.87,8.869219794107856,-0.0007802058921431154,18.91,18.565676965750175,-0.34432303424982535,0.31,0.3073746711242209,-0.0026253288757790982,81.38,81.01721042874793,-0.36278957125206546
Swaziland,A,2188.45,2186.812842317855,-1.6371576821447889,175.74,175.26198238240133,-0.478017617598681,964.71,962.9346017198358,-1.7753982801642678,4.93,4.929632285553442,-0.0003677144465576987,25.39,25.390549576438886,0.0005495764388854241,1361.4,1361.462571537436,0.06257153743581512,450.17,450.18235268427475,0.012352684274731018,248.45,248.04162781210158,-0.4083721878984079,1009.12,1007.8321331055419,-1.2878668944581477,1521.64,1494.5886429718184,-27.051357028181656,23.9,23.91744131985048,0.01744131985048014,7973.9,7941.354377713108,-32.54562228689156
Sweden,A,0.0,0.0,0.0,0.0,0.0,0.0,0.0,0.0,0.0,0.0,0.0,0.0,0.0,0.0,0.0,0.0,0.0,0.0,0.0,0.0,0.0,0.0,0.0,0.0,0.0,0.0,0.0,0.0,0.0,0.0,0.0,0.0,0.0,0.0,0.0,0.0
Switzerland,A,0.0,0.0,0.0,0.0,0.0,0.0,0.0,0.0,0.0,0.0,0.0,0.0,0.0,0.0,0.0,0.0,0.0,0.0,0.0,0.0,0.0,0.0,0.0,0.0,0.0,0.0,0.0,0.0,0.0,0.0,0.0,0.0,0.0,0.0,0.0,0.0
Syrian Arab Republic,A,0.0,0.0,0.0,0.0,0.0,0.0,0.0,0.0,0.0,0.0,0.0,0.0,0.0,0.0,0.0,0.0,0.0,0.0,0.0,0.0,0.0,0.0,0.0,0.0,0.0,0.0,0.0,0.0,0.0,0.0,0.0,0.0,0.0,0.0,0.0,0.0
Tajikistan,A,85.59,85.50032554782514,-0.08967445217486159,10.75,10.721607519144685,-0.028392480855314872,42.58,42.47996609690439,-0.100033903095607,0.3,0.3029935968489508,0.002993596848950786,1.56,1.5644398803539434,0.004439880353943382,43.65,43.65773617652482,0.007736176524822724,13.5,13.501026607448358,0.001026607448357808,11.55,11.526496837042341,-0.02350316295765964,43.38,43.30262136802387,-0.07737863197613137,45.93,45.065476008396345,-0.8645239916036545,0.78,0.7762468898887455,-0.003753110111254565,299.58,298.3989365284016,-1.1810634715984065
Tanzania,A,4516.53,4517.571450585898,1.0414505858980192,18.04,18.048578411428622,0.008578411428622701,1680.14,1680.4645394677873,0.32453946778719,0.0,0.0,0.0,0.0,0.0,0.0,3493.68,3494.3365292925077,0.656529292507912,1271.96,1272.1865794070636,0.22657940706358204,379.2,379.4546590100418,0.2546590100417916,1844.66,1844.9731305863452,0.31313058634509616,4219.16,4139.466352253032,-79.69364774696805,70.95,70.99371110406801,0.04371110406800938,17494.3,17417.495530118173,-76.80446988182666
Thailand,A,11191.26,11191.592948355938,0.33294835593733296,54.65,54.63807487274448,-0.011925127255516088,4124.47,4124.356515444338,-0.11348455566258053,0.35,0.35188495347539156,0.001884953475391582,1.82,1.8168794992319024,-0.003120500768097667,8716.23,8716.192479630618,-0.03752036938203673,3134.06,3134.0178592569587,-0.0421407430412728,906.19,906.6078864501542,0.4178864501541284,4536.34,4536.1626927878115,-0.17730721218867984,10447.96,10258.586285583333,-189.3737144166662,166.87,166.9517339655704,0.08173396557040746,43280.2,43091.27524080017,-188.92475919982826
The Former Yugoslav Republic of Macedonia,A,0.0,0.0,0.0,0.0,0.0,0.0,0.0,0.0,0.0,0.0,0.0,0.0,0.0,0.0,0.0,0.0,0.0,0.0,0.0,0.0,0.0,0.0,0.0,0.0,0.0,0.0,0.0,0.0,0.0,0.0,0.0,0.0,0.0,0.0,0.0,0.0
Timor-Leste,A,4.05,4.048354792518023,-0.0016452074819763851,0.02,0.01645355994806772,-0.0035464400519322793,1.51,1.512162656965454,0.002162656965454035,0.0,0.0,0.0,0.0,0.0,0.0,3.12,3.1205123854702737,0.0005123854702735464,1.14,1.140442803494911,0.0004428034949111037,0.34,0.3450352089421063,0.005035208942106295,1.66,1.6585460362330655,-0.0014539637669344074,3.78,3.7041255264293538,-0.07587447357064603,0.06,0.06470396536749003,0.004703965367490029,15.68,15.610336935368748,-0.06966306463125171
Togo,A,809.51,809.096500412763,-0.41349958723697,47.43,47.29447349311365,-0.13552650688635026,335.81,335.3331545173186,-0.47684548268142635,1.34,1.3412037871268425,0.0012037871268424372,6.86,6.864560583409632,0.004560583409631391,544.0,544.0323838504629,0.032383850462906594,187.11,187.12389350644247,0.013893506442457237,87.29,87.19454332195464,-0.09545667804536606,356.15,355.804870181097,-0.3451298189029899,626.78,615.0980468257117,-11.68195317428831,10.34,10.347215938615891,0.007215938615891204,3012.62,2999.5308464180166,-13.089153581983282
Tokelau,A,0.0,0.0,0.0,0.0,0.0,0.0,0.0,0.0,0.0,0.0,0.0,0.0,0.0,0.0,0.0,0.0,0.0,0.0,0.0,0.0,0.0,0.0,0.0,0.0,0.0,0.0,0.0,0.0,0.0,0.0,0.0,0.0,0.0,0.0,0.0,0.0
Tonga,A,0.12,0.1244707209067444,0.004470720906744399,0.0,0.0004968553875182678,0.0004968553875182678,0.05,0.04629134540159369,-0.0037086545984063093,0.0,0.0,0.0,0.0,0.0,0.0,0.1,0.09629483370654873,-0.003705166293451273,0.04,0.03505128797530268,-0.0049487120246973215,0.01,0.010447259325819271,0.00044725932581927107,0.05,0.0508255217300688,0.0008255217300687998,0.12,0.11406130934440369,-0.00593869065559631,0.0,0.001954394119610272,0.001954394119610272,0.48,0.4798935278976098,-0.00010647210239017602
Trinidad and Tobago,B,148.29,148.28128875019368,-0.008711249806310661,3.68,3.669683236752585,-0.01031676324741504,57.79,57.75999898093555,-0.030001019064449963,0.09,0.09054986790761581,0.0005498679076158114,0.47,0.467534053487198,-0.002465946512801964,108.96,108.97026882618874,0.010268826188749358,38.54,38.538848929963265,-0.00115107003673387,13.31,13.306041190850966,-0.003958809149034792,62.58,62.557637105923654,-0.02236289407634473,128.74,126.4160827664083,-2.3239172335917146,2.06,2.0644144805500972,0.004414480550097188,564.51,562.1223481891616,-2.387651810838406
Tunisia,A,48.46,48.47097857328139,0.010978573281391846,0.2,0.19635397684582698,-0.0036460231541730337,18.09,18.09097158450186,0.0009715845018618552,0.0,0.0,0.0,0.0,0.0,0.0,37.38,37.38683945752701,0.006839457527007653,13.65,13.653767883440572,0.0037678834405721062,4.12,4.119628046694487,-0.00037195330551309524,19.84,19.846076510624275,0.0060765106242755,45.23,44.36187924599514,-0.8681207540048561,0.77,0.7722024418761914,0.002202441876191341,187.74,186.89869772078677,-0.8413022792132381
Turkey,A,0.0,0.0,0.0,0.0,0.0,0.0,0.0,0.0,0.0,0.0,0.0,0.0,0.0,0.0,0.0,0.0,0.0,0.0,0.0,0.0,0.0,0.0,0.0,0.0,0.0,0.0,0.0,0.0,0.0,0.0,0.0,0.0,0.0,0.0,0.0,0.0
Turkmenistan,A,0.0,0.0,0.0,0.0,0.0,0.0,0.0,0.0,0.0,0.0,0.0,0.0,0.0,0.0,0.0,0.0,0.0,0.0,0.0,0.0,0.0,0.0,0.0,0.0,0.0,0.0,0.0,0.0,0.0,0.0,0.0,0.0,0.0,0.0,0.0,0.0
Turks and Caicos Islands,B,0.0,0.0,0.0,0.0,0.0,0.0,0.0,0.0,0.0,0.0,0.0,0.0,0.0,0.0,0.0,0.0,0.0,0.0,0.0,0.0,0.0,0.0,0.0,0.0,0.0,0.0,0.0,0.0,0.0,0.0,0.0,0.0,0.0,0.0,0.0,0.0
Tuvalu,A,0.0,0.0,0.0,0.0,0.0,0.0,0.0,0.0,0.0,0.0,0.0,0.0,0.0,0.0,0.0,0.0,0.0,0.0,0.0,0.0,0.0,0.0,0.0,0.0,0.0,0.0,0.0,0.0,0.0,0.0,0.0,0.0,0.0,0.0,0.0,0.0
Uganda,A,59920.99,59876.13313642213,-44.856863577864715,4624.63,4611.820548610722,-12.809451389278365,26052.85,26005.32613125774,-47.52386874225704,130.62,130.68144603795847,0.061446037958461375,671.58,671.6354991168562,0.05549911685614006,37853.5,37853.923379309585,0.42337930958456127,12631.2,12631.164262688359,-0.035737311642151326,6813.7,6802.919568426972,-10.780431573028181,27316.3,27281.46085221575,-34.83914778424878,42585.22,41812.46172546148,-772.7582745385225,681.53,681.8854707325755,0.3554707325755544,219282.13,218359.41202028014,-922.7179797198623
Ukraine,A,2939.45,2939.447591911512,-0.002408088487754867,42.01,41.92779661927787,-0.0822033807221274,1125.13,1124.8867976325187,-0.24320236748144453,0.89,0.8889642138172834,-0.0010357861827166026,4.58,4.57671591293875,-0.0032840870612504958,2206.08,2206.228696394691,0.14869639469088725,798.45,798.4976453515965,0.047645351596429464,262.35,262.3988357859655,0.04883578596547977,1225.11,1224.9293135852429,-0.18068641475701952,2649.11,2598.1118364541667,-50.99816354583345,45.13,45.15634363551166,0.026343635511658192,11298.28,11247.05053749724,-51.229462502760725
United Arab Emirates,A,27.44,27.44036046101494,0.00036046101493880656,0.11,0.10953492380519972,-0.00046507619480028184,10.21,10.205220912930768,-0.004779087069232801,0.0,0.0,0.0,0.0,0.0,0.0,21.23,21.228807290518493,-0.0011927094815078476,7.73,7.7272789107227515,-0.0027210892772489004,2.3,2.3031646289328047,0.0031646289328048915,11.2,11.204808863741913,0.004808863741914138,25.63,25.14553961176725,-0.4844603882327476,0.43,0.4308585885444801,0.0008585885444801211,106.28,105.7955741919786,-0.484425808021399
United Kingdom of Great Britain and Northern Ireland,A,0.0,0.0,0.0,0.0,0.0,0.0,0.0,0.0,0.0,0.0,0.0,0.0,0.0,0.0,0.0,0.0,0.0,0.0,0.0,0.0,0.0,0.0,0.0,0.0,0.0,0.0,0.0,0.0,0.0,0.0,0.0,0.0,0.0,0.0,0.0,0.0
United States,B,754.58,754.6168773389558,0.0368773389557191,3.01,3.0122382057944384,0.0022382057944385636,280.64,280.6461653013281,0.006165301328110218,0.0,0.0,0.0,0.0,0.0,0.0,583.8,583.7975885907515,-0.002411409248452401,212.5,212.5021313120569,0.002131312056889101,63.31,63.337611863810196,0.027611863810193427,308.14,308.1350876548958,-0.00491234510417371,704.94,691.5087215342281,-13.431278465771925,11.84,11.848720541555156,0.008720541555156558,2922.77,2909.4051423433757,-13.364857656624281
Uruguay,B,27.27,27.263711906915045,-0.0062880930849544825,0.4,0.403769355390994,0.003769355390993989,10.35,10.348749266605564,-0.0012507333944355992,0.01,0.008730336240292291,-0.001269663759707709,0.05,0.04507714461709049,-0.004922855382909513,20.61,20.61032528431768,0.00032528431767886445,7.36,7.363169177492645,0.0031691774926443372,2.34,2.3387554250456426,-0.0012445749543572582,11.29,11.289695832533978,-0.00030416746602135447,24.56,24.106821611662667,-0.4531783883373315,0.4,0.3956464767916546,-0.004353523208345422,104.63,104.17445181761326,-0.45554818238673533
US Virgin Islands,B,0.0,0.0,0.0,0.0,0.0,0.0,0.0,0.0,0.0,0.0,0.0,0.0,0.0,0.0,0.0,0.0,0.0,0.0,0.0,0.0,0.0,0.0,0.0,0.0,0.0,0.0,0.0,0.0,0.0,0.0,0.0,0.0,0.0,0.0,0.0,0.0
Uzbekistan,A,142.34,142.34686684963722,0.00686684963721973,1.47,1.4694010093719254,-0.0005989906280745583,54.04,54.03771634109533,-0.002283658904666197,0.03,0.026072174493972776,-0.003927825506027223,0.13,0.13461785981652882,0.004617859816528819,107.87,107.87802883986951,0.008028839869510307,39.18,39.18698011316824,0.0069801131682396544,12.46,12.464563438584587,0.004563438584586521,59.0,58.99649269982092,-0.00350730017908063,129.93,127.42409722154154,-2.505902778458463,2.22,2.217285129251409,-0.002714870748591114,548.66,546.1821216766513,-2.4778783233487047
Vanuatu,A,16.68,16.676453876639794,-0.0035461233602056552,0.07,0.06656815267838159,-0.003431847321618414,6.2,6.202064878017829,0.0020648780178289527,0.0,0.0,0.0,0.0,0.0,0.0,12.9,12.901478686454256,0.001478686454255751,4.7,4.6961340223528945,-0.0038659776471057228,1.4,1.3997126152651682,-0.00028738473483169713,6.81,6.809548966320158,-0.0004510336798420056,15.58,15.281812064189825,-0.29818793581017466,0.26,0.26184763095310987,0.0018476309531098578,64.59,64.29562089287141,-0.2943791071285915
Venezuela,B,629.35,629.4136473145509,0.06364731455084893,2.24,2.244011941416257,0.004011941416256715,227.14,227.15178921747437,0.011789217474387215,0.0,0.0,0.0,0.0,0.0,0.0,498.04,498.06440407756605,0.024404077566032356,176.23,176.23665367510762,0.006653675107628487,47.9,47.92352418569773,0.02352418569773107,250.81,250.82259970397598,0.012599703975979537,592.26,582.2629706844347,-9.997029315565328,8.83,8.839773022418733,0.00977302241873268,2432.81,2422.959373822642,-9.850626177357753
Viet Nam,A,0.0,0.0,0.0,0.0,0.0,0.0,0.0,0.0,0.0,0.0,0.0,0.0,0.0,0.0,0.0,0.0,0.0,0.0,0.0,0.0,0.0,0.0,0.0,0.0,0.0,0.0,0.0,0.0,0.0,0.0,0.0,0.0,0.0,0.0,0.0,0.0
Wallis and Futuna Islands,A,0.0,0.0,0.0,0.0,0.0,0.0,0.0,0.0,0.0,0.0,0.0,0.0,0.0,0.0,0.0,0.0,0.0,0.0,0.0,0.0,0.0,0.0,0.0,0.0,0.0,0.0,0.0,0.0,0.0,0.0,0.0,0.0,0.0,0.0,0.0,0.0
West Bank and Gaza Strip,A,0.0,0.0,0.0,0.0,0.0,0.0,0.0,0.0,0.0,0.0,0.0,0.0,0.0,0.0,0.0,0.0,0.0,0.0,0.0,0.0,0.0,0.0,0.0,0.0,0.0,0.0,0.0,0.0,0.0,0.0,0.0,0.0,0.0,0.0,0.0,0.0
Yemen,A,7.77,7.769791382106517,-0.0002086178934828098,0.62,0.6144449952772805,-0.005555004722719525,3.37,3.366532549298151,-0.003467450701849284,0.02,0.017746366899629162,-0.002253633100370838,0.09,0.09080373702045093,0.0008037370204509314,4.89,4.888183699621771,-0.0018163003782287745,1.65,1.6528593469227675,0.0028593469227675694,0.93,0.9279140608934155,-0.0020859391065845,3.53,3.5265305294398437,-0.003469470560156118,5.54,5.433367730723794,-0.10663226927620606,0.1,0.09535290251136613,-0.004647097488633872,28.51,28.383527300714984,-0.12647269928501714
Zambia,A,20236.2,20208.43818371698,-27.7618162830222,2806.44,2798.442831803566,-7.997168196433904,9888.28,9858.987921536545,-29.292078463455255,81.24,81.27594813358405,0.03594813358405702,417.56,417.5966575291575,0.03665752915748044,10325.48,10326.474694865889,0.9946948658889596,3075.17,3075.442528426608,0.27252842660800525,2842.7,2835.3500462442034,-7.349953755796378,10049.21,10028.009204749647,-21.200795250351803,10586.87,10401.732583892255,-185.1374161077456,164.16,164.2586455571243,0.09864555712431411,70473.31,70196.00924645556,-277.300753544434
Zimbabwe,A,52929.81,52880.71625389999,-49.09374610000668,5400.58,5385.591257655218,-14.988742344781713,24512.04,24457.92984710209,-54.110152897912485,152.77,152.8422035948237,0.07220359482369076,787.39,787.4558667146142,0.06586671461423066,30429.67,30433.4572493243,3.7872493243012286,9741.31,9742.465123327423,1.1551233274240076,6523.24,6510.20781072757,-13.032189272429605,25328.34,25289.377406381056,-38.962593618944084,33087.55,32499.82337546744,-587.7266245325627,521.85,522.1753001426717,0.3253001426717219,189414.55,188662.0416943372,-752.5083056627773
,,,0.0,,,0.0,,,0.0,,,0.0,,,0.0,,,0.0,,,0.0,,,0.0,,,0.0,,,0.0,,,0.0,,,0.0,
Sources / More details,,,0.0,,,0.0,,,0.0,,,0.0,,,0.0,,,0.0,,,0.0,,,0.0,,,0.0,,,0.0,,3892.52,0.0,-3892.52,,0.0,
WHO groupings (A & B):,,,0.0,,,0.0,,,0.0,,,0.0,,,0.0,,,0.0,,,0.0,,,0.0,,,0.0,,,0.0,,2211955.58,0.0,-2211955.58,,0.0,
Antiretroviral coverage:,,,0.0,,,0.0,,,0.0,,,0.0,,,0.0,,,0.0,,,0.0,,,0.0,,,0.0,,,0.0,,68470.08,0.0,-68470.08,,0.0,
Regimen breakdowns,,,0.0,,,0.0,,,0.0,,,0.0,,,0.0,,,0.0,,,0.0,,,0.0,,,0.0,,,0.0,,194717.92,0.0,-194717.92,,0.0,
Drugs and manufacturers,,,0.0,,,0.0,,,0.0,,,0.0,,,0.0,,,0.0,,,0.0,,,0.0,,,0.0,,,0.0,,38879.91,0.0,-38879.91,,0.0,
,,,0.0,,,0.0,,,0.0,,,0.0,,,0.0,,,0.0,,,0.0,,,0.0,,,0.0,,,0.0,,121820.7,0.0,-121820.7,,0.0,
,,,0.0,,,0.0,,,0.0,,,0.0,,,0.0,,,0.0,,,0.0,,,0.0,,,0.0,,,0.0,,,0.0,,,0.0,
,,,0.0,,,0.0,,,0.0,,,0.0,,,0.0,,,0.0,,,0.0,,,0.0,,,0.0,,,0.0,,,0.0,,,0.0,
,,,0.0,,,0.0,,,0.0,,,0.0,,,0.0,,,0.0,,,0.0,,,0.0,,,0.0,,,0.0,,,0.0,,,0.0,
,,,0.0,,,0.0,,,0.0,,,0.0,,,0.0,,,0.0,,,0.0,,,0.0,,,0.0,,,0.0,,,0.0,,,0.0,
,,,0.0,,,0.0,,,0.0,,,0.0,,,0.0,,,0.0,,,0.0,,,0.0,,,0.0,,,0.0,,,0.0,,,0.0,
,,,0.0,,,0.0,,,0.0,,,0.0,,,0.0,,,0.0,,,0.0,,,0.0,,,0.0,,,0.0,,,0.0,,,0.0,
,,,0.0,,,0.0,,,0.0,,,0.0,,,0.0,,,0.0,,,0.0,,,0.0,,,0.0,,,0.0,,,0.0,,,0.0,
,,,0.0,,,0.0,,,0.0,,,0.0,,,0.0,,,0.0,,,0.0,,,0.0,,,0.0,,,0.0,,,0.0,,,0.0,
,,,0.0,,,0.0,,,0.0,,,0.0,,,0.0,,,0.0,,,0.0,,,0.0,,,0.0,,,0.0,,,0.0,,,0.0,
,,,0.0,,,0.0,,,0.0,,,0.0,,,0.0,,,0.0,,,0.0,,,0.0,,,0.0,,,0.0,,,0.0,,,0.0,
